rainfall,slope,road_quality,visibility,traffic,historical_incidents,road_type,elevation,temperature,wind_speed,risk
1.27,17.21,3.82,11.55,0.35,2,state_highway,799.3,23.5,21.0,LOW
4.57,4.71,4.29,7.24,0.502,0,national_highway,480.7,27.2,8.8,LOW
0.0,9.92,3.96,6.06,0.488,0,state_highway,395.3,30.1,26.6,LOW
3.31,22.4,1.29,9.19,0.569,3,rural_hill_road,1215.6,14.0,18.8,HIGH
16.37,4.24,4.59,1.34,0.185,0,national_highway,507.8,24.6,23.6,LOW
5.33,2.5,2.16,4.65,0.411,2,state_highway,372.6,26.2,30.9,MEDIUM
0.0,2.65,4.16,10.44,0.568,0,national_highway,1217.3,23.5,19.9,LOW
0.0,1.88,4.31,9.41,0.76,0,national_highway,379.8,24.4,37.8,LOW
1.17,15.56,2.27,9.1,0.129,1,rural_hill_road,1858.2,19.1,20.8,MEDIUM
6.7,2.65,4.04,3.77,0.632,0,state_highway,498.4,17.8,13.6,LOW
0.0,10.59,3.91,1.07,0.353,2,national_highway,1391.6,22.0,28.3,MEDIUM
7.7,9.47,4.28,1.52,0.555,1,national_highway,1337.4,17.4,22.0,LOW
0.0,9.98,2.86,10.82,0.762,5,rural_hill_road,2053.1,15.5,17.1,MEDIUM
0.0,9.88,3.8,6.79,0.258,0,state_highway,1123.0,19.6,11.8,LOW
2.86,22.87,2.94,8.93,0.517,3,rural_hill_road,1431.7,21.6,19.4,HIGH
0.0,22.01,2.76,12.0,0.239,1,rural_hill_road,2237.8,20.1,23.8,HIGH
0.0,11.45,1.81,7.56,0.173,4,state_highway,658.5,23.2,32.2,MEDIUM
1.43,5.55,3.64,11.82,0.103,1,national_highway,450.0,23.3,3.3,LOW
0.11,9.22,3.81,8.03,0.095,0,national_highway,572.6,25.0,1.0,LOW
8.06,7.7,4.8,1.82,0.74,1,national_highway,599.4,20.8,11.3,MEDIUM
0.0,4.94,4.27,7.25,0.191,2,national_highway,1415.7,17.3,9.3,LOW
12.33,9.13,4.63,4.96,0.695,2,national_highway,315.5,28.6,8.4,MEDIUM
0.0,0.62,3.91,9.15,0.401,2,national_highway,620.5,29.2,38.3,LOW
0.0,2.92,1.63,12.0,0.318,1,state_highway,991.1,24.8,10.4,LOW
0.0,1.48,4.62,10.81,0.245,1,national_highway,177.1,31.4,7.6,LOW
6.57,1.15,4.86,4.86,0.282,2,national_highway,734.9,24.5,20.1,LOW
0.0,19.61,3.91,6.97,0.308,1,rural_hill_road,1895.9,17.3,23.7,MEDIUM
0.0,15.02,4.8,6.7,0.633,2,state_highway,695.2,29.6,20.7,LOW
4.74,17.52,3.52,9.06,0.379,2,state_highway,809.4,22.7,12.5,MEDIUM
3.33,7.61,4.42,9.16,0.492,0,national_highway,1027.2,21.0,14.0,LOW
1.8,9.18,4.99,10.26,0.25,0,national_highway,101.4,21.2,30.4,LOW
0.0,8.09,2.63,2.81,0.319,2,rural_hill_road,2504.1,12.1,2.0,MEDIUM
1.46,4.76,2.88,6.91,0.811,2,state_highway,1268.1,16.4,5.8,LOW
1.53,13.97,3.12,0.94,0.679,4,state_highway,1489.9,22.8,10.4,HIGH
3.55,6.31,1.5,7.21,0.68,1,state_highway,588.0,19.2,15.0,MEDIUM
0.0,4.04,2.6,5.73,0.105,0,state_highway,890.7,20.8,23.2,LOW
17.03,2.49,3.85,0.48,0.468,0,national_highway,470.5,26.7,12.6,MEDIUM
0.0,16.69,1.72,1.89,0.9,2,rural_hill_road,2465.8,9.4,18.7,HIGH
3.08,1.1,3.37,7.3,0.536,1,national_highway,826.9,27.0,18.3,LOW
0.0,17.01,3.69,11.66,0.372,3,state_highway,1369.4,24.2,9.7,MEDIUM
2.69,5.82,4.88,8.54,0.669,1,national_highway,602.8,25.8,11.0,LOW
0.0,21.67,2.84,12.0,0.666,4,rural_hill_road,964.6,25.7,16.9,HIGH
0.0,9.81,2.09,10.43,0.888,1,rural_hill_road,984.8,26.0,17.0,MEDIUM
0.0,6.32,3.98,8.59,0.362,1,national_highway,904.2,27.1,20.5,LOW
0.0,9.21,3.38,0.69,0.42,0,state_highway,1680.9,28.0,18.2,MEDIUM
3.2,7.54,1.5,7.83,0.26,1,state_highway,1671.8,18.7,5.4,MEDIUM
0.0,12.62,3.08,6.29,0.391,1,state_highway,221.0,23.4,14.4,LOW
11.21,6.38,2.02,2.92,0.375,1,rural_hill_road,1773.2,13.6,4.8,HIGH
9.44,4.5,4.7,3.7,0.233,0,state_highway,240.6,21.3,7.6,MEDIUM
0.0,22.43,1.74,1.43,0.659,2,rural_hill_road,2325.8,14.2,6.4,HIGH
0.0,11.99,1.9,10.99,0.372,2,state_highway,628.9,19.9,15.0,MEDIUM
0.0,6.73,3.29,9.99,0.586,2,national_highway,446.9,19.9,13.9,LOW
0.0,4.81,4.56,8.18,0.363,0,state_highway,1264.1,21.2,8.2,LOW
6.27,4.59,3.51,3.01,0.335,1,national_highway,475.7,29.7,13.9,LOW
0.0,9.37,4.08,12.0,0.364,0,national_highway,541.3,24.2,9.8,LOW
0.0,23.33,2.24,2.3,0.315,2,rural_hill_road,1729.6,23.4,24.8,HIGH
0.0,3.92,4.08,9.86,0.475,0,national_highway,1064.3,24.8,22.5,LOW
2.84,6.37,3.29,11.39,0.339,3,rural_hill_road,2077.1,14.1,22.3,MEDIUM
0.0,7.72,3.83,11.41,0.245,0,national_highway,751.0,21.6,21.3,LOW
22.46,5.49,2.33,2.03,0.797,0,state_highway,1287.4,18.5,11.2,HIGH
0.0,10.2,3.69,7.22,0.319,1,state_highway,1172.4,17.5,18.5,LOW
0.0,3.08,4.22,5.47,0.323,3,national_highway,1234.8,20.2,14.5,LOW
0.0,3.49,3.62,8.43,0.301,0,national_highway,596.7,24.5,20.2,LOW
11.97,16.06,4.78,3.7,0.406,3,state_highway,627.2,29.2,20.4,HIGH
0.0,9.05,4.19,9.24,0.382,1,national_highway,542.6,28.0,11.1,LOW
0.0,3.71,3.5,11.65,0.278,0,state_highway,1447.8,26.6,4.0,LOW
15.39,1.03,4.68,2.44,0.738,0,national_highway,954.1,26.4,16.6,LOW
0.0,9.64,2.78,6.46,0.633,0,national_highway,295.6,24.3,25.6,LOW
1.96,5.07,4.64,8.09,0.24,3,national_highway,979.5,19.9,11.1,LOW
0.0,0.87,4.9,8.89,0.614,0,national_highway,249.0,31.8,5.9,LOW
0.0,3.59,3.72,10.49,0.729,0,national_highway,898.0,21.8,1.2,LOW
1.15,25.72,2.37,12.0,0.427,0,rural_hill_road,1159.9,23.4,11.1,MEDIUM
0.0,2.03,5.0,9.78,0.484,0,national_highway,631.6,26.9,9.5,LOW
12.14,8.71,4.31,2.49,0.218,0,national_highway,1314.2,26.2,14.8,MEDIUM
0.0,9.6,2.06,9.55,0.56,0,rural_hill_road,2356.4,14.1,60.7,MEDIUM
0.0,6.12,4.17,8.28,0.045,2,state_highway,249.0,28.7,32.4,LOW
7.32,2.92,3.15,3.6,0.381,1,national_highway,1373.8,23.2,7.8,LOW
0.0,6.42,3.88,10.8,0.241,1,national_highway,701.2,17.6,16.6,LOW
0.0,3.18,3.36,5.93,0.508,0,state_highway,577.7,23.1,27.2,LOW
0.0,15.51,4.28,9.23,0.261,1,state_highway,959.4,29.0,10.8,LOW
0.0,4.14,3.75,0.79,0.824,0,national_highway,1404.8,24.8,14.3,MEDIUM
8.39,11.47,1.74,4.89,0.561,4,rural_hill_road,756.9,21.3,8.2,HIGH
0.0,11.21,4.76,10.87,0.564,6,national_highway,103.8,23.3,33.4,LOW
10.78,9.79,3.54,4.23,0.391,0,national_highway,1021.3,21.4,14.1,MEDIUM
0.0,1.34,3.31,11.78,0.303,0,national_highway,387.3,29.7,7.9,LOW
0.0,9.3,5.0,9.69,0.484,1,national_highway,935.4,29.2,10.9,LOW
2.8,6.92,3.44,11.28,0.383,1,state_highway,655.8,23.9,23.2,LOW
0.0,25.22,1.74,11.29,0.299,2,rural_hill_road,1187.5,21.6,14.1,HIGH
0.0,23.9,1.53,7.11,0.23,1,rural_hill_road,2295.7,18.5,8.7,HIGH
0.0,1.6,4.35,8.59,0.388,1,national_highway,372.1,27.4,3.6,LOW
0.0,8.75,4.44,11.76,0.517,0,national_highway,676.6,20.1,7.7,LOW
2.94,6.63,4.17,10.96,0.667,0,national_highway,997.3,25.0,20.2,LOW
4.49,9.22,1.76,8.66,0.2,1,rural_hill_road,2011.0,21.1,5.0,MEDIUM
0.0,4.04,3.7,9.66,0.308,0,state_highway,1408.4,20.4,4.4,LOW
0.0,15.44,4.0,8.66,0.689,4,rural_hill_road,2446.8,11.7,18.7,MEDIUM
10.86,11.11,5.0,1.86,0.321,2,national_highway,1301.3,20.0,5.7,HIGH
0.0,7.22,1.55,9.7,0.325,1,rural_hill_road,1535.1,18.3,17.0,MEDIUM
0.48,6.85,3.54,7.24,0.02,1,state_highway,394.2,23.5,22.8,LOW
0.0,13.74,1.86,7.35,0.382,2,state_highway,1524.1,9.1,22.2,MEDIUM
0.0,2.23,4.8,6.77,0.406,0,national_highway,763.1,21.1,3.3,LOW
0.29,10.17,5.0,8.32,0.434,3,national_highway,426.7,29.4,20.7,LOW
0.0,13.46,2.66,11.1,0.363,2,state_highway,335.7,27.2,8.0,MEDIUM
1.73,4.89,3.65,9.06,0.177,1,national_highway,959.5,23.7,17.5,LOW
19.74,12.1,3.15,0.79,0.384,5,rural_hill_road,943.4,18.1,2.3,HIGH
0.0,13.66,4.59,9.83,0.404,2,state_highway,1547.2,18.1,16.1,LOW
0.0,13.72,4.8,10.65,0.325,1,state_highway,1545.1,20.2,2.8,LOW
0.0,1.64,3.54,1.44,0.137,1,national_highway,1488.2,22.8,4.1,LOW
0.0,4.73,4.49,1.25,0.621,1,national_highway,1439.6,17.6,10.0,LOW
0.0,7.63,3.65,10.83,0.557,1,national_highway,64.6,23.4,8.7,LOW
0.0,3.6,4.1,11.12,0.449,0,national_highway,1219.2,16.5,9.4,LOW
6.84,9.63,1.09,4.0,0.504,3,rural_hill_road,868.3,28.7,18.8,MEDIUM
0.18,0.8,3.43,7.44,0.292,1,national_highway,541.7,27.2,16.1,LOW
0.0,20.29,1.0,8.18,0.549,0,rural_hill_road,853.1,24.5,17.6,MEDIUM
17.75,10.19,2.26,0.85,0.502,2,rural_hill_road,1197.2,18.3,32.3,HIGH
0.0,0.75,3.48,8.99,0.204,1,national_highway,1355.8,21.0,3.5,LOW
0.0,11.74,2.65,7.87,0.255,1,state_highway,1755.2,12.6,7.1,MEDIUM
0.0,5.77,5.0,5.97,0.451,1,national_highway,177.7,32.2,17.2,LOW
0.0,1.1,3.72,9.7,0.127,1,national_highway,721.3,20.9,6.3,LOW
0.51,5.57,2.38,1.61,0.487,2,rural_hill_road,2166.8,18.6,66.5,HIGH
0.0,7.8,3.7,7.61,0.299,0,national_highway,891.7,29.9,4.9,LOW
0.0,2.12,3.77,7.47,0.227,2,national_highway,1476.3,21.4,17.1,LOW
0.0,5.42,4.36,0.82,0.18,1,national_highway,1330.0,17.9,51.9,MEDIUM
0.0,9.35,1.74,8.32,0.323,0,state_highway,1514.6,18.0,6.0,LOW
0.0,9.11,4.83,11.54,0.189,1,national_highway,708.5,22.7,27.1,LOW
2.46,10.13,3.94,11.25,0.206,3,national_highway,387.1,28.6,6.0,MEDIUM
0.0,12.73,2.53,1.56,0.598,4,state_highway,1651.5,18.2,14.3,MEDIUM
0.0,14.06,4.01,7.45,0.092,2,state_highway,1657.2,16.8,36.9,MEDIUM
0.62,2.63,5.0,9.97,0.72,3,national_highway,1344.9,14.3,13.6,LOW
0.0,15.87,1.13,7.12,0.833,2,rural_hill_road,1786.4,17.8,29.3,HIGH
22.55,12.44,2.63,1.62,0.458,1,state_highway,980.3,29.6,14.0,HIGH
1.74,3.73,4.05,8.09,0.582,0,national_highway,939.5,18.0,10.5,LOW
0.0,17.96,2.18,6.91,0.508,4,rural_hill_road,865.5,23.4,25.0,MEDIUM
0.0,7.4,1.97,1.4,0.35,3,rural_hill_road,2004.5,13.8,10.5,MEDIUM
7.11,11.0,4.11,4.52,0.41,1,national_highway,976.0,25.0,7.5,LOW
0.0,13.67,2.48,10.44,0.28,4,state_highway,749.1,26.9,37.0,MEDIUM
0.0,4.77,5.0,10.06,0.259,1,national_highway,898.4,22.9,9.7,LOW
0.0,8.29,3.67,5.24,0.511,1,national_highway,508.2,25.4,12.8,LOW
0.0,5.65,1.63,7.78,0.336,4,rural_hill_road,774.1,18.7,32.8,MEDIUM
0.0,8.24,1.61,1.84,0.301,1,rural_hill_road,1728.7,19.5,17.9,MEDIUM
1.12,11.29,3.7,12.0,0.609,2,state_highway,755.6,22.1,15.8,LOW
0.0,24.1,2.59,12.0,0.178,1,rural_hill_road,2531.7,16.9,9.8,MEDIUM
3.53,17.36,2.67,6.69,0.02,2,rural_hill_road,2340.7,15.1,15.2,MEDIUM
0.0,10.32,4.8,8.09,0.401,2,national_highway,217.3,32.7,39.1,LOW
0.11,5.19,2.03,10.21,0.417,2,rural_hill_road,2519.2,16.0,20.4,MEDIUM
0.51,8.51,3.28,6.92,0.307,0,state_highway,852.1,25.9,13.3,LOW
2.47,8.45,2.5,6.97,0.71,2,state_highway,316.6,29.7,20.2,MEDIUM
4.47,6.29,4.3,1.92,0.449,1,national_highway,1339.7,22.0,9.1,LOW
0.0,10.97,3.02,0.75,0.304,2,rural_hill_road,1643.7,18.4,13.1,HIGH
2.82,15.48,2.68,9.03,0.526,2,state_highway,632.6,24.6,11.1,MEDIUM
0.0,19.97,2.53,8.64,0.466,3,rural_hill_road,1017.2,25.2,14.8,MEDIUM
0.4,12.77,2.25,7.59,0.514,2,rural_hill_road,1400.5,26.0,9.8,MEDIUM
0.0,8.99,4.75,5.76,0.445,1,national_highway,998.4,19.7,19.5,LOW
4.0,1.93,3.42,3.38,0.183,2,national_highway,87.8,28.4,12.3,LOW
0.0,1.94,3.96,1.09,0.16,1,national_highway,1465.5,15.0,23.7,LOW
0.0,14.53,3.12,11.48,0.663,0,state_highway,1637.7,16.5,11.5,MEDIUM
1.92,7.85,3.34,7.75,0.8,0,state_highway,321.0,27.5,16.8,LOW
16.56,16.68,3.09,1.86,0.101,3,state_highway,752.3,16.1,6.9,HIGH
0.0,8.48,3.47,5.65,0.444,2,rural_hill_road,783.4,18.9,17.4,MEDIUM
0.0,17.7,3.74,7.34,0.585,2,state_highway,1195.7,26.2,13.2,MEDIUM
0.07,2.19,3.58,9.74,0.567,0,state_highway,998.2,19.4,4.8,LOW
0.0,8.12,3.88,7.2,0.047,1,national_highway,752.5,20.4,3.4,LOW
0.81,11.06,4.54,5.45,0.269,2,national_highway,335.9,22.3,9.7,LOW
0.0,24.88,2.27,2.43,0.273,0,rural_hill_road,2398.8,15.0,3.9,HIGH
0.0,11.32,2.54,8.9,0.346,2,national_highway,159.4,30.1,23.4,LOW
1.92,11.69,2.56,6.33,0.698,2,national_highway,138.7,23.2,27.0,LOW
0.0,9.78,4.98,5.06,0.563,0,national_highway,1358.8,21.9,7.1,LOW
0.0,13.43,2.1,7.73,0.429,4,state_highway,674.5,25.3,14.4,MEDIUM
14.56,17.66,2.42,3.86,0.229,1,state_highway,737.0,27.7,13.8,HIGH
5.93,15.07,3.01,4.87,0.557,2,state_highway,1327.8,19.5,13.4,MEDIUM
0.0,8.24,3.49,7.2,0.49,0,national_highway,1314.8,23.2,26.9,LOW
0.0,7.65,2.08,10.73,0.591,0,state_highway,690.8,25.5,11.7,LOW
7.5,8.22,4.01,1.96,0.589,1,national_highway,984.1,21.0,15.4,MEDIUM
0.0,8.76,2.81,6.28,0.119,0,state_highway,1327.3,14.7,12.3,LOW
6.85,11.44,3.77,3.57,0.463,1,national_highway,168.8,28.8,26.6,LOW
0.0,17.12,3.74,9.18,0.348,4,state_highway,447.7,26.4,20.5,MEDIUM
0.0,11.02,4.02,5.29,0.684,2,national_highway,1137.7,20.1,35.4,MEDIUM
0.0,5.43,2.57,6.84,0.25,3,state_highway,597.4,24.2,10.5,LOW
5.53,8.99,3.36,1.46,0.461,1,national_highway,1129.7,20.7,21.0,LOW
4.38,5.42,4.52,9.58,0.529,2,national_highway,1075.9,18.0,8.7,LOW
0.0,8.55,2.29,0.81,0.498,0,state_highway,1423.1,18.0,21.3,MEDIUM
0.0,6.66,3.29,5.86,0.318,2,national_highway,801.6,25.7,24.1,LOW
0.0,2.73,2.82,9.34,0.423,1,national_highway,784.5,29.0,17.1,LOW
1.32,4.64,3.39,11.99,0.39,0,state_highway,388.1,21.8,17.1,LOW
24.12,5.51,2.83,1.66,0.422,0,state_highway,574.7,22.7,2.5,HIGH
0.0,3.85,4.04,6.65,0.252,0,state_highway,1052.0,21.0,17.2,LOW
0.0,9.62,4.07,6.97,0.571,1,national_highway,86.1,32.0,23.9,LOW
0.0,10.33,4.96,8.32,0.21,0,national_highway,324.2,24.7,27.3,LOW
4.26,3.19,4.26,2.99,0.281,2,state_highway,1237.3,20.6,5.6,LOW
0.0,9.57,2.25,12.0,0.552,1,rural_hill_road,715.9,20.6,19.8,MEDIUM
0.0,8.57,3.47,8.8,0.413,0,rural_hill_road,2110.3,17.5,14.8,MEDIUM
0.0,13.46,2.62,7.2,0.276,5,state_highway,958.3,19.4,7.8,MEDIUM
0.0,18.36,3.02,6.15,0.366,2,rural_hill_road,2484.2,8.0,5.9,HIGH
0.0,7.89,2.93,8.37,0.094,0,state_highway,1318.3,18.7,3.5,LOW
0.0,17.11,2.62,10.01,0.175,2,rural_hill_road,1173.1,26.2,12.2,MEDIUM
0.3,14.23,4.37,9.76,0.297,3,state_highway,223.0,33.1,40.2,MEDIUM
0.0,11.19,3.26,9.24,0.492,3,national_highway,1396.6,12.8,25.6,LOW
0.0,13.05,4.11,11.18,0.63,2,state_highway,1000.6,21.1,5.9,MEDIUM
12.18,10.14,4.9,4.85,0.079,2,national_highway,1067.5,17.4,10.6,MEDIUM
15.96,7.48,3.83,2.24,0.627,1,national_highway,181.8,30.3,10.2,MEDIUM
0.0,5.85,4.59,2.6,0.402,0,national_highway,1461.7,14.1,11.3,LOW
0.0,1.66,3.17,7.99,0.461,0,national_highway,446.7,30.3,3.0,LOW
3.15,12.78,3.0,9.16,0.281,1,state_highway,768.5,23.8,11.7,MEDIUM
0.0,5.79,3.03,10.33,0.021,0,national_highway,178.5,22.3,5.1,LOW
5.04,10.16,3.39,4.02,0.682,1,national_highway,834.8,22.5,27.4,LOW
0.0,11.44,4.26,5.99,0.036,1,national_highway,342.8,32.0,11.6,LOW
0.0,15.21,2.73,9.26,0.543,3,state_highway,492.5,30.1,5.5,MEDIUM
0.0,9.58,2.15,9.58,0.562,2,rural_hill_road,1119.0,20.4,27.2,MEDIUM
4.73,10.95,3.7,11.68,0.367,1,national_highway,402.9,22.5,1.0,MEDIUM
0.0,4.41,5.0,8.94,0.476,0,national_highway,354.4,31.8,68.0,LOW
0.0,6.04,2.1,7.36,0.155,2,rural_hill_road,1151.2,23.3,7.1,MEDIUM
0.0,11.19,3.72,8.17,0.444,3,national_highway,874.7,18.7,28.1,LOW
0.0,17.15,4.22,2.7,0.344,1,state_highway,1557.0,19.3,6.1,LOW
0.0,10.1,3.86,9.78,0.728,7,national_highway,554.5,20.6,5.5,MEDIUM
3.86,2.94,3.53,11.99,0.362,1,national_highway,69.9,34.7,5.5,LOW
0.0,9.89,4.67,10.06,0.331,1,state_highway,660.7,20.8,22.8,LOW
0.0,5.09,4.38,0.67,0.346,0,national_highway,1353.7,22.0,5.9,LOW
20.89,10.52,1.9,2.1,0.277,2,state_highway,1253.9,26.8,2.4,HIGH
0.0,9.97,4.04,11.15,0.651,0,national_highway,577.3,26.1,8.9,LOW
0.0,5.78,4.38,9.32,0.879,2,national_highway,613.8,20.8,14.8,LOW
0.0,1.29,3.52,8.09,0.841,2,national_highway,1089.2,23.4,17.8,LOW
8.45,5.25,3.93,3.7,0.198,0,national_highway,571.1,18.6,9.8,MEDIUM
16.3,3.04,4.11,2.36,0.235,2,national_highway,1439.7,26.5,30.2,MEDIUM
3.57,8.9,4.3,8.13,0.355,2,state_highway,1551.5,23.0,46.8,MEDIUM
22.0,21.91,3.3,1.18,0.213,4,rural_hill_road,1975.1,19.1,10.2,HIGH
17.12,9.21,3.9,0.49,0.39,0,national_highway,662.1,25.7,33.8,MEDIUM
0.0,11.33,4.35,8.32,0.543,2,state_highway,245.8,28.2,16.3,MEDIUM
0.0,10.07,3.75,9.81,0.63,2,national_highway,673.6,21.7,6.6,LOW
0.0,14.89,3.39,7.29,0.07,4,state_highway,1115.2,19.2,7.1,MEDIUM
0.0,8.58,3.91,6.21,0.585,0,state_highway,568.0,30.5,18.2,LOW
4.73,3.83,5.0,2.01,0.263,2,national_highway,1307.2,15.9,7.2,LOW
0.0,10.45,3.67,7.59,0.854,2,national_highway,424.4,29.8,34.0,LOW
14.2,13.95,3.53,1.37,0.067,1,state_highway,1200.5,21.6,10.6,HIGH
0.0,8.82,2.28,1.17,0.807,0,state_highway,1210.2,23.2,14.7,MEDIUM
0.0,13.44,3.48,4.78,0.429,1,state_highway,429.3,28.4,14.4,MEDIUM
0.0,0.69,4.96,6.69,0.632,2,national_highway,914.6,27.1,2.2,LOW
0.1,19.95,1.49,6.98,0.032,1,rural_hill_road,700.1,26.1,55.9,HIGH
4.4,11.85,3.93,10.64,0.249,1,national_highway,314.7,32.1,27.9,LOW
0.0,4.05,4.69,9.91,0.328,0,state_highway,1211.8,24.2,16.5,LOW
1.01,5.14,2.49,12.0,0.133,1,state_highway,1559.9,18.0,14.8,LOW
12.45,6.92,3.97,3.42,0.115,1,state_highway,603.7,27.9,29.7,MEDIUM
0.0,2.91,3.91,10.52,0.156,0,state_highway,705.2,20.8,33.3,LOW
8.05,7.43,2.3,4.99,0.306,0,state_highway,299.3,26.6,5.2,MEDIUM
0.0,6.29,2.68,0.79,0.702,1,rural_hill_road,1931.6,16.5,30.5,HIGH
6.45,6.85,4.7,2.51,0.68,0,national_highway,144.3,31.6,7.0,LOW
13.22,11.53,3.7,1.5,0.383,4,state_highway,892.4,25.9,25.3,HIGH
0.0,22.0,1.99,0.74,0.663,1,rural_hill_road,1614.4,19.6,4.7,HIGH
0.0,22.35,1.16,10.63,0.298,2,rural_hill_road,2258.9,19.9,15.0,HIGH
0.0,2.95,4.8,11.3,0.219,0,state_highway,495.7,27.1,20.2,LOW
0.0,8.36,1.5,12.0,0.41,1,state_highway,281.8,25.6,14.7,LOW
0.0,1.02,3.3,7.59,0.362,0,national_highway,989.6,18.8,3.2,LOW
0.0,3.23,2.41,12.0,0.336,0,state_highway,1087.6,21.1,12.4,LOW
0.0,9.67,3.97,9.52,0.529,0,national_highway,317.8,30.6,6.6,LOW
0.0,9.69,4.06,10.94,0.412,0,national_highway,320.5,24.4,26.8,LOW
1.09,13.46,2.51,8.51,0.466,2,rural_hill_road,1742.3,17.4,10.7,MEDIUM
0.0,6.86,4.26,5.71,0.251,2,national_highway,739.3,27.3,12.6,LOW
6.86,4.13,2.87,3.15,0.334,0,state_highway,981.1,17.4,13.0,LOW
0.0,1.55,4.61,12.0,0.517,0,national_highway,739.2,25.2,13.5,LOW
2.35,2.58,4.22,7.24,0.592,0,national_highway,883.9,19.8,42.2,LOW
20.25,14.99,4.15,0.34,0.485,3,state_highway,840.5,21.3,12.1,HIGH
0.0,23.85,1.82,7.06,0.648,1,rural_hill_road,1139.1,18.0,26.0,HIGH
11.42,3.99,4.17,4.11,0.458,1,national_highway,1405.7,21.6,17.0,MEDIUM
3.9,9.88,1.74,6.83,0.568,1,rural_hill_road,2115.9,16.8,11.0,MEDIUM
0.0,9.78,3.07,7.59,0.233,1,state_highway,299.9,25.7,15.0,LOW
0.0,3.92,3.31,10.48,0.174,0,state_highway,1016.9,24.8,26.6,LOW
0.0,13.87,2.39,2.67,0.547,1,state_highway,1328.1,18.7,13.7,MEDIUM
0.0,6.38,3.58,12.0,0.343,2,national_highway,1097.4,26.2,21.9,LOW
0.0,11.56,3.97,10.63,0.248,2,national_highway,128.0,28.8,23.9,LOW
0.0,9.05,3.31,10.6,0.051,0,state_highway,1032.9,22.0,12.1,LOW
0.0,5.77,4.74,10.22,0.117,0,national_highway,663.3,23.2,22.6,LOW
0.0,3.03,4.39,9.86,0.568,1,national_highway,662.9,22.0,14.5,LOW
4.4,4.42,3.83,2.16,0.716,0,national_highway,1215.5,21.7,12.8,LOW
2.01,5.14,4.88,7.45,0.555,0,national_highway,70.1,33.9,7.2,LOW
0.0,16.48,1.64,0.68,0.268,1,state_highway,1601.4,23.0,11.7,MEDIUM
0.0,10.96,4.39,7.56,0.625,3,national_highway,161.6,29.6,9.7,LOW
0.0,10.71,2.13,9.48,0.128,0,state_highway,829.3,18.5,13.3,LOW
1.48,8.62,2.99,8.25,0.685,0,state_highway,803.8,21.9,15.5,LOW
2.82,4.35,4.39,5.7,0.553,1,national_highway,159.4,27.1,27.3,LOW
4.75,4.67,3.81,9.57,0.338,0,national_highway,1062.4,24.4,21.4,LOW
0.0,0.57,3.94,1.66,0.249,1,national_highway,1371.6,17.3,11.2,LOW
0.0,12.12,1.37,10.4,0.112,3,rural_hill_road,2143.7,11.0,11.0,HIGH
0.0,7.04,4.52,9.67,0.511,0,national_highway,1369.7,20.8,11.2,LOW
0.0,14.46,2.0,7.02,0.159,4,rural_hill_road,1980.1,20.1,18.9,MEDIUM
2.18,10.83,5.0,8.95,0.71,2,national_highway,744.1,23.1,10.2,MEDIUM
0.0,7.1,4.56,11.0,0.172,1,national_highway,1464.6,12.5,24.1,LOW
0.0,22.8,2.2,0.83,0.5,6,rural_hill_road,2175.9,14.4,43.4,HIGH
2.7,2.85,2.81,9.23,0.829,2,state_highway,614.2,29.4,28.1,MEDIUM
0.0,7.43,3.47,12.0,0.42,0,national_highway,957.7,18.9,4.1,LOW
0.0,6.92,4.43,8.11,0.465,0,national_highway,458.5,26.1,13.3,LOW
0.0,1.48,4.32,8.54,0.169,1,national_highway,758.4,26.2,12.1,LOW
0.0,3.91,3.24,7.34,0.869,0,state_highway,1122.9,24.1,3.4,LOW
0.0,9.32,3.61,9.06,0.215,1,national_highway,203.3,31.7,22.2,LOW
0.0,16.6,4.04,12.0,0.21,2,state_highway,977.0,22.0,9.7,LOW
0.0,7.65,2.54,1.91,0.323,2,rural_hill_road,1793.8,21.9,11.0,MEDIUM
0.0,14.1,4.14,5.42,0.381,2,state_highway,494.5,26.7,12.2,LOW
0.0,9.13,3.36,8.63,0.33,2,state_highway,255.1,24.9,13.7,LOW
10.87,8.56,4.23,4.73,0.195,3,national_highway,538.3,23.8,21.6,MEDIUM
22.13,4.89,4.39,0.78,0.694,0,state_highway,1591.3,15.7,30.0,HIGH
0.44,5.1,4.04,10.42,0.534,2,national_highway,570.9,22.2,34.3,LOW
0.0,11.76,4.14,3.07,0.234,2,national_highway,590.3,30.5,33.5,LOW
4.05,10.8,4.2,8.0,0.441,1,state_highway,310.0,30.9,8.1,LOW
0.0,3.93,4.01,11.52,0.155,2,national_highway,245.9,23.7,6.2,LOW
0.0,4.95,2.89,7.54,0.699,1,state_highway,650.9,25.2,4.5,LOW
0.0,16.3,4.18,5.37,0.615,2,state_highway,1619.9,22.8,18.6,MEDIUM
0.0,9.03,3.42,5.09,0.202,0,state_highway,447.2,24.4,10.9,LOW
0.0,24.92,2.43,9.62,0.759,3,rural_hill_road,2240.3,8.9,3.2,HIGH
0.0,13.12,3.72,9.05,0.399,3,state_highway,1070.1,23.2,28.0,LOW
2.27,10.0,2.42,0.42,0.534,1,rural_hill_road,2239.0,12.8,19.0,HIGH
0.0,3.31,3.56,7.0,0.661,0,national_highway,1308.6,22.0,12.5,LOW
5.07,4.94,3.28,2.42,0.701,0,national_highway,131.0,22.9,4.5,LOW
0.0,13.83,3.45,9.52,0.671,1,state_highway,1153.8,15.9,11.8,LOW
0.0,10.01,2.1,5.77,0.195,2,rural_hill_road,1250.5,21.7,4.8,MEDIUM
2.81,8.4,4.16,8.81,0.141,0,national_highway,577.9,19.7,3.0,LOW
18.5,8.47,4.75,0.64,0.347,1,national_highway,1106.9,27.5,3.2,HIGH
1.5,3.18,2.92,8.33,0.359,2,national_highway,133.7,25.9,6.9,LOW
0.0,18.57,2.71,11.94,0.612,2,rural_hill_road,1797.0,7.7,7.9,HIGH
0.0,23.42,1.0,12.0,0.239,1,rural_hill_road,976.5,20.5,16.5,MEDIUM
13.51,11.77,2.15,3.9,0.353,5,state_highway,1708.8,12.2,23.3,HIGH
0.0,1.98,4.74,8.25,0.314,2,national_highway,992.2,19.6,25.1,LOW
0.0,3.06,3.25,8.96,0.133,1,state_highway,1040.5,24.8,5.6,LOW
4.61,14.43,2.59,8.95,0.105,0,rural_hill_road,2392.6,15.5,9.3,MEDIUM
0.0,15.13,3.13,1.29,0.399,2,state_highway,1657.8,21.0,14.9,MEDIUM
3.23,7.09,3.78,10.49,0.373,0,national_highway,130.6,30.6,29.7,LOW
0.0,17.4,2.66,2.03,0.456,3,state_highway,1573.8,19.3,27.4,MEDIUM
2.01,4.81,3.53,10.23,0.234,0,state_highway,1339.6,17.4,17.1,LOW
0.0,17.47,1.84,10.65,0.412,3,rural_hill_road,1998.5,15.9,12.6,HIGH
4.52,11.64,4.26,8.8,0.234,1,national_highway,303.0,25.8,8.5,LOW
0.0,9.14,3.34,5.98,0.567,1,rural_hill_road,1922.5,19.2,26.0,MEDIUM
0.0,25.7,3.24,6.32,0.5,4,rural_hill_road,2561.9,16.9,15.0,HIGH
2.34,8.98,4.04,8.39,0.82,0,national_highway,1319.6,27.3,21.9,LOW
0.0,3.72,4.68,10.08,0.23,0,state_highway,1153.7,25.4,7.8,LOW
0.79,17.43,2.89,6.8,0.234,0,state_highway,1763.9,14.4,26.2,MEDIUM
0.0,17.2,2.4,10.07,0.475,3,rural_hill_road,928.7,29.9,9.3,MEDIUM
16.33,11.53,4.33,1.2,0.262,2,state_highway,1474.2,18.1,36.8,HIGH
0.0,8.02,3.13,0.42,0.397,2,rural_hill_road,2148.5,7.9,45.2,HIGH
0.0,7.72,4.35,7.89,0.453,2,national_highway,400.9,26.4,16.7,LOW
9.51,16.67,3.12,3.43,0.119,4,state_highway,1105.4,24.5,11.6,HIGH
0.0,14.38,1.92,9.88,0.691,0,rural_hill_road,1883.6,14.8,11.7,MEDIUM
0.0,2.51,3.35,9.96,0.16,0,national_highway,1450.8,23.1,25.4,LOW
0.0,8.58,2.28,6.01,0.544,1,state_highway,650.1,21.7,18.2,MEDIUM
0.0,5.1,3.72,8.25,0.474,1,national_highway,1227.7,24.9,23.4,LOW
0.0,1.07,4.18,6.14,0.022,1,national_highway,1431.3,21.9,14.0,LOW
0.0,18.61,3.51,8.77,0.322,3,rural_hill_road,983.8,23.5,7.2,MEDIUM
0.0,16.47,2.28,2.62,0.285,3,rural_hill_road,1739.1,19.6,18.9,HIGH
0.0,15.98,2.5,9.0,0.552,3,state_highway,1341.9,20.5,6.9,MEDIUM
0.0,9.84,4.26,9.06,0.06,0,state_highway,955.0,22.4,12.1,LOW
4.63,11.42,3.57,7.46,0.041,1,national_highway,403.9,24.3,11.8,LOW
0.0,5.3,2.02,11.35,0.495,0,state_highway,1415.2,17.3,4.2,LOW
0.0,4.17,4.08,5.84,0.082,1,national_highway,1100.7,17.5,15.2,LOW
0.0,0.55,4.19,8.6,0.358,0,national_highway,223.7,28.5,9.3,LOW
0.0,16.93,4.23,9.56,0.228,4,state_highway,856.8,21.5,10.6,LOW
2.69,2.28,4.35,7.13,0.268,1,national_highway,1264.0,15.6,10.5,LOW
1.77,11.5,2.91,7.14,0.22,2,state_highway,710.1,22.7,17.3,MEDIUM
7.88,13.25,3.9,1.54,0.295,3,state_highway,316.0,31.1,7.0,MEDIUM
0.0,7.97,3.6,7.61,0.192,0,state_highway,786.5,25.0,5.2,LOW
3.57,8.66,2.51,9.34,0.376,0,rural_hill_road,1752.8,21.1,33.9,MEDIUM
0.0,8.65,3.17,4.12,0.242,2,rural_hill_road,1581.2,21.9,17.6,MEDIUM
0.0,3.44,4.82,10.55,0.544,0,national_highway,999.9,18.6,15.2,LOW
0.0,9.24,3.05,6.44,0.293,1,state_highway,1746.5,23.8,9.8,MEDIUM
0.0,5.6,4.05,5.56,0.718,1,national_highway,610.6,22.5,9.0,LOW
0.0,2.47,3.45,12.0,0.291,0,state_highway,1236.4,20.1,11.1,LOW
10.24,5.89,4.73,1.84,0.431,0,state_highway,1013.9,15.7,10.3,MEDIUM
0.0,10.29,3.89,8.65,0.549,2,state_highway,211.8,30.8,13.4,MEDIUM
0.0,4.6,4.11,5.98,0.31,0,national_highway,898.3,24.0,27.5,LOW
0.0,13.88,2.75,9.5,0.29,4,state_highway,1091.6,14.4,31.4,MEDIUM
0.0,6.26,2.17,9.98,0.606,1,rural_hill_road,2359.4,13.2,13.2,MEDIUM
0.0,11.87,4.24,7.11,0.27,5,national_highway,787.4,21.4,5.1,LOW
0.0,4.02,1.91,8.94,0.299,1,state_highway,383.6,23.6,7.5,LOW
22.29,4.49,4.63,0.89,0.191,2,national_highway,119.2,29.1,13.5,HIGH
0.0,10.27,3.36,6.45,0.5,3,state_highway,1679.5,13.4,50.8,MEDIUM
0.0,5.55,2.55,7.2,0.361,1,state_highway,241.3,24.5,10.7,LOW
0.0,10.22,4.12,11.37,0.384,1,national_highway,1187.3,19.6,20.6,LOW
0.0,16.65,3.14,10.1,0.348,1,rural_hill_road,2299.1,15.6,45.2,MEDIUM
0.06,12.02,4.0,9.8,0.414,1,rural_hill_road,1539.9,19.8,29.8,MEDIUM
6.19,5.33,5.0,1.22,0.617,0,national_highway,616.5,21.7,15.1,LOW
0.0,1.07,4.43,7.32,0.151,2,national_highway,737.8,22.0,3.7,LOW
0.0,10.37,4.28,0.7,0.378,0,state_highway,1491.4,17.0,13.5,MEDIUM
0.0,6.27,4.49,7.35,0.36,0,national_highway,594.6,24.9,5.6,LOW
3.09,12.23,2.6,8.86,0.37,4,state_highway,1039.5,19.8,32.6,HIGH
4.06,11.73,2.02,7.15,0.041,4,rural_hill_road,2343.5,9.6,9.8,HIGH
0.49,3.33,3.58,0.74,0.649,0,national_highway,1223.1,22.0,20.5,LOW
0.0,6.53,1.52,7.22,0.453,2,rural_hill_road,1732.6,20.8,15.6,MEDIUM
0.0,5.78,5.0,9.62,0.399,0,national_highway,496.0,29.4,10.4,LOW
0.0,1.37,3.51,7.96,0.286,1,national_highway,1172.1,24.8,10.8,LOW
0.0,11.01,4.17,8.92,0.319,4,state_highway,457.6,22.6,7.8,MEDIUM
0.0,9.62,3.92,9.37,0.513,0,national_highway,470.7,23.6,5.7,LOW
9.8,6.04,2.9,4.52,0.586,1,national_highway,571.2,29.7,16.9,MEDIUM
0.44,7.01,3.35,6.64,0.386,0,state_highway,1738.6,13.4,3.8,LOW
0.0,16.92,3.25,9.36,0.471,3,state_highway,576.9,26.6,17.4,MEDIUM
0.0,11.06,4.91,5.47,0.238,2,national_highway,796.6,19.7,4.6,LOW
7.54,16.55,2.12,1.47,0.656,0,state_highway,640.3,25.1,15.9,MEDIUM
0.0,8.95,4.22,7.45,0.178,0,state_highway,1569.5,20.4,22.4,LOW
0.0,2.22,2.26,10.06,0.166,1,national_highway,575.8,28.9,19.7,LOW
0.0,8.66,3.59,7.1,0.302,0,state_highway,972.9,17.5,20.9,LOW
0.0,7.97,4.69,11.3,0.294,1,national_highway,640.4,22.7,6.8,LOW
6.27,2.75,3.5,4.1,0.187,1,state_highway,1276.8,17.9,10.6,MEDIUM
0.0,17.3,3.66,3.73,0.364,2,state_highway,1324.2,26.4,4.2,LOW
0.0,10.75,4.57,7.69,0.396,1,state_highway,861.3,27.0,4.2,LOW
0.0,24.5,1.85,12.0,0.095,2,rural_hill_road,858.4,29.3,26.7,MEDIUM
0.0,9.37,2.93,7.27,0.367,5,rural_hill_road,1158.4,19.3,4.2,MEDIUM
0.0,3.77,3.89,11.88,0.361,1,national_highway,1020.1,25.2,9.0,LOW
0.0,8.13,3.25,2.68,0.619,2,state_highway,1692.2,15.4,12.7,MEDIUM
0.0,9.45,4.26,6.5,0.546,1,national_highway,1035.0,15.2,12.9,LOW
3.07,8.99,4.71,7.74,0.738,2,national_highway,861.7,26.3,26.5,LOW
0.0,16.24,3.39,9.42,0.427,3,state_highway,578.6,23.8,10.3,MEDIUM
0.0,3.96,4.71,10.58,0.391,1,state_highway,1651.9,17.5,7.3,LOW
0.0,8.99,4.3,10.4,0.37,0,national_highway,760.5,26.5,9.3,LOW
0.0,17.4,3.77,7.86,0.696,2,state_highway,366.3,30.9,1.0,MEDIUM
4.95,9.33,2.6,2.71,0.544,0,state_highway,1575.6,15.9,9.8,MEDIUM
19.15,21.38,1.89,1.6,0.624,6,rural_hill_road,1478.2,19.6,49.9,HIGH
0.0,7.36,2.01,5.51,0.712,5,rural_hill_road,1685.0,16.5,30.1,HIGH
0.0,25.41,1.88,8.29,0.154,4,rural_hill_road,2400.7,9.7,8.4,HIGH
0.0,3.77,4.18,7.81,0.295,1,national_highway,826.0,28.0,9.6,LOW
0.0,8.2,3.88,7.86,0.254,0,national_highway,334.2,20.6,14.2,LOW
0.0,11.7,2.8,8.7,0.512,1,state_highway,1413.4,13.7,18.2,MEDIUM
0.0,4.54,1.5,8.08,0.656,1,state_highway,1765.2,18.5,5.8,LOW
7.98,0.95,3.99,2.88,0.289,1,national_highway,1484.7,24.2,3.3,LOW
0.0,11.34,4.32,4.13,0.71,2,national_highway,1300.7,18.4,17.5,MEDIUM
5.14,24.75,2.2,3.27,0.517,2,rural_hill_road,2042.6,12.2,16.6,HIGH
0.0,8.25,3.63,9.02,0.496,1,national_highway,1357.3,16.3,20.0,LOW
0.0,3.79,3.93,1.5,0.126,1,national_highway,1465.3,17.4,15.7,LOW
1.45,25.38,1.99,5.59,0.426,2,rural_hill_road,1972.3,19.4,20.5,HIGH
0.0,5.28,2.77,7.46,0.652,0,national_highway,622.1,23.1,4.8,LOW
0.0,3.72,4.23,9.17,0.482,0,national_highway,387.6,20.4,16.4,LOW
0.0,8.99,3.84,5.5,0.563,1,state_highway,1058.3,23.1,9.2,LOW
0.0,22.18,1.0,9.13,0.536,5,rural_hill_road,1334.9,20.0,24.8,HIGH
0.0,10.4,3.48,7.7,0.328,5,national_highway,880.1,25.9,27.5,MEDIUM
0.0,7.51,3.76,10.19,0.128,1,national_highway,222.5,25.2,1.4,LOW
0.0,3.08,3.98,10.98,0.559,0,national_highway,231.8,29.5,8.4,LOW
21.85,3.4,4.42,1.2,0.186,1,national_highway,1182.5,24.6,43.9,MEDIUM
0.0,11.08,5.0,8.28,0.132,3,national_highway,1347.5,19.9,17.4,LOW
0.0,6.65,3.6,12.0,0.369,1,national_highway,233.0,28.2,13.4,LOW
0.0,11.28,2.32,7.93,0.287,1,state_highway,482.7,28.8,17.6,LOW
6.26,4.19,4.76,1.8,0.384,1,national_highway,705.7,25.9,43.3,LOW
7.32,8.17,4.03,1.41,0.222,0,national_highway,1476.4,14.1,2.2,LOW
0.0,17.43,2.97,10.13,0.47,1,rural_hill_road,1307.2,22.1,40.9,MEDIUM
0.0,7.48,4.12,2.4,0.563,0,state_highway,1593.5,19.4,24.3,LOW
0.74,9.72,3.88,10.02,0.229,1,state_highway,1183.8,21.1,22.3,LOW
0.0,4.46,4.54,11.06,0.221,1,national_highway,1052.9,23.8,16.0,LOW
0.0,6.87,4.56,2.82,0.497,1,national_highway,1479.2,15.2,15.3,LOW
0.0,2.9,3.67,2.13,0.667,1,national_highway,1377.0,13.6,16.3,LOW
0.0,1.97,4.37,5.43,0.44,2,national_highway,1050.9,23.7,18.5,LOW
0.0,4.85,4.28,7.41,0.656,1,national_highway,466.9,24.0,21.9,LOW
0.19,11.13,4.51,11.16,0.325,2,national_highway,552.4,27.0,37.9,LOW
2.23,1.73,4.53,9.4,0.755,0,national_highway,226.0,22.4,6.5,LOW
0.75,9.23,3.87,0.92,0.179,2,state_highway,1364.1,15.4,16.2,MEDIUM
13.39,9.44,3.63,3.08,0.799,0,state_highway,307.6,25.5,23.7,MEDIUM
27.13,1.14,3.21,0.73,0.724,1,national_highway,343.2,27.3,45.6,HIGH
0.0,1.7,3.8,9.62,0.612,2,national_highway,1338.5,17.5,3.2,LOW
0.0,5.54,3.04,10.16,0.456,0,state_highway,1123.2,15.9,9.4,LOW
0.0,12.89,4.71,6.37,0.297,1,state_highway,591.7,26.1,17.9,LOW
0.0,4.68,4.76,10.02,0.345,0,national_highway,744.5,21.3,6.0,LOW
8.3,6.2,2.45,4.36,0.324,2,rural_hill_road,1845.7,15.4,7.3,HIGH
0.0,10.26,3.95,10.3,0.582,4,state_highway,1649.4,19.2,8.3,MEDIUM
0.0,6.37,2.39,8.06,0.268,1,state_highway,386.9,27.7,15.9,LOW
0.0,0.96,3.99,10.92,0.783,1,national_highway,1058.7,24.9,5.6,LOW
0.0,5.17,4.88,7.47,0.547,0,national_highway,391.3,27.9,8.8,LOW
0.0,7.54,2.95,0.66,0.512,1,state_highway,1568.2,24.5,23.6,MEDIUM
0.0,2.45,2.85,1.57,0.167,1,national_highway,1426.1,20.0,2.2,LOW
0.0,4.11,3.88,7.58,0.163,2,national_highway,759.9,22.4,27.8,LOW
5.12,14.82,2.29,4.02,0.165,1,state_highway,275.9,30.8,13.0,MEDIUM
0.0,18.75,1.4,7.77,0.423,2,rural_hill_road,924.1,26.8,16.4,MEDIUM
0.0,12.32,3.69,0.46,0.4,3,state_highway,1325.6,18.1,11.0,MEDIUM
0.0,9.7,2.11,5.82,0.399,1,state_highway,873.0,17.6,36.8,MEDIUM
0.0,3.52,2.58,6.97,0.781,0,state_highway,264.5,23.8,13.3,LOW
0.51,12.84,3.79,5.14,0.114,1,state_highway,706.7,22.6,11.8,LOW
3.58,10.92,2.77,12.0,0.158,1,state_highway,225.3,26.3,24.5,LOW
0.0,2.83,4.94,8.04,0.321,1,national_highway,816.2,24.8,6.5,LOW
6.7,2.99,3.55,4.67,0.364,0,national_highway,1024.0,27.5,10.9,LOW
0.0,8.5,4.95,6.98,0.922,0,national_highway,940.6,18.0,18.9,LOW
14.09,10.55,4.64,2.88,0.182,1,national_highway,1465.5,11.2,13.2,HIGH
1.81,21.55,3.01,6.47,0.892,0,rural_hill_road,2274.2,8.6,9.1,MEDIUM
10.3,10.47,5.0,4.46,0.264,6,national_highway,490.1,26.6,7.5,HIGH
0.0,9.78,4.48,11.45,0.327,1,state_highway,1705.5,20.7,4.6,LOW
0.0,2.79,3.43,0.91,0.104,1,state_highway,1528.1,19.6,15.4,MEDIUM
0.9,5.64,4.41,11.03,0.042,1,national_highway,1159.6,14.0,4.8,LOW
0.0,15.64,3.35,8.38,0.062,4,state_highway,1260.7,22.2,23.6,MEDIUM
0.0,11.33,1.52,12.0,0.202,2,state_highway,1690.5,10.3,14.8,MEDIUM
0.0,0.63,4.37,7.71,0.367,1,national_highway,388.4,21.1,10.7,LOW
0.0,2.88,3.51,12.0,0.485,1,national_highway,448.9,24.1,36.4,LOW
24.56,4.29,5.0,2.28,0.387,2,national_highway,1437.8,16.5,3.4,MEDIUM
2.14,5.06,3.3,10.37,0.414,3,rural_hill_road,2516.8,10.1,3.5,MEDIUM
0.0,7.06,1.9,7.11,0.658,0,state_highway,472.2,25.3,14.6,LOW
0.0,14.5,2.96,6.18,0.261,0,rural_hill_road,2307.8,12.8,9.7,MEDIUM
0.0,14.6,1.73,9.42,0.54,3,state_highway,1091.3,18.1,24.0,MEDIUM
0.0,1.55,3.97,6.41,0.48,2,national_highway,1377.0,22.7,9.3,LOW
2.41,11.07,4.03,10.34,0.165,3,national_highway,840.5,19.4,7.2,LOW
5.4,14.2,1.5,3.75,0.245,3,state_highway,1597.7,22.1,12.9,MEDIUM
8.72,5.19,4.12,2.15,0.583,0,national_highway,710.2,25.4,23.9,MEDIUM
0.0,19.16,2.89,5.26,0.653,2,rural_hill_road,2004.8,17.7,11.3,HIGH
0.0,1.55,3.55,9.89,0.619,0,national_highway,693.8,18.6,9.4,LOW
0.0,0.91,4.7,12.0,0.736,0,national_highway,653.4,25.1,6.7,LOW
0.0,8.66,3.41,8.72,0.821,0,national_highway,266.9,21.4,17.5,LOW
0.09,3.53,3.32,12.0,0.193,1,national_highway,1007.9,28.0,7.2,LOW
0.0,14.9,3.3,10.45,0.293,3,state_highway,1357.7,16.9,38.6,MEDIUM
10.2,4.59,3.6,2.16,0.351,0,national_highway,369.2,25.0,14.7,MEDIUM
0.0,1.12,4.71,12.0,0.326,0,national_highway,681.9,21.5,6.9,LOW
8.35,2.31,2.79,3.19,0.496,0,state_highway,987.0,27.4,9.3,LOW
0.0,4.02,4.37,7.13,0.603,0,state_highway,1716.4,16.6,9.6,LOW
0.0,10.8,3.8,11.93,0.657,5,national_highway,1022.2,21.4,5.4,MEDIUM
0.0,10.23,3.91,11.08,0.623,2,national_highway,638.8,24.4,2.7,LOW
0.0,5.22,4.16,12.0,0.538,0,national_highway,554.0,29.8,8.4,LOW
0.0,9.02,3.4,0.52,0.197,1,state_highway,1251.5,24.1,12.7,MEDIUM
0.0,7.58,4.11,0.43,0.536,0,national_highway,1299.9,25.6,2.3,LOW
6.6,2.96,3.7,2.88,0.399,0,national_highway,597.9,22.4,8.5,LOW
6.48,4.2,4.1,1.49,0.309,1,national_highway,261.7,33.2,11.0,LOW
4.95,1.46,4.3,11.08,0.78,1,national_highway,370.5,26.1,23.7,LOW
1.41,17.68,2.21,7.44,0.24,3,state_highway,397.5,31.3,27.1,MEDIUM
0.0,3.33,4.37,5.24,0.253,1,national_highway,1400.4,24.3,13.1,LOW
0.0,14.46,2.42,2.12,0.848,2,rural_hill_road,1687.1,18.4,17.8,HIGH
7.85,18.52,3.22,3.62,0.482,2,rural_hill_road,2068.8,14.5,18.6,HIGH
0.0,11.74,4.13,10.23,0.787,1,national_highway,298.1,33.3,6.1,LOW
0.0,22.07,2.31,8.71,0.417,3,rural_hill_road,897.2,20.3,12.6,MEDIUM
0.0,15.33,4.7,7.77,0.435,1,state_highway,782.2,20.9,20.2,LOW
12.82,6.44,2.94,3.28,0.562,1,national_highway,1432.5,16.5,9.8,MEDIUM
5.46,0.85,3.82,2.61,0.575,1,national_highway,787.2,29.4,20.1,LOW
0.0,13.38,1.57,12.0,0.235,3,rural_hill_road,962.6,22.2,12.0,MEDIUM
0.0,8.04,2.69,2.51,0.021,6,rural_hill_road,1253.5,18.5,13.9,MEDIUM
6.89,13.73,3.0,3.9,0.652,2,rural_hill_road,2527.3,18.7,6.9,MEDIUM
0.0,10.18,2.97,7.32,0.203,1,state_highway,1738.6,19.4,3.3,MEDIUM
17.98,7.46,3.48,1.7,0.448,0,national_highway,1403.0,25.9,16.9,MEDIUM
1.67,0.87,3.99,7.79,0.19,2,national_highway,1291.8,18.5,29.4,LOW
0.0,9.0,4.34,8.67,0.264,3,national_highway,194.3,28.9,12.3,LOW
18.13,5.49,2.7,2.16,0.154,2,rural_hill_road,1464.5,11.7,14.7,HIGH
0.0,9.27,2.68,11.24,0.75,2,state_highway,1684.7,13.2,6.3,MEDIUM
7.53,0.99,3.96,2.14,0.57,1,national_highway,503.0,22.3,25.6,LOW
0.0,3.91,4.4,7.05,0.126,1,national_highway,124.4,25.2,15.1,LOW
0.0,8.69,3.37,8.85,0.193,1,state_highway,327.7,23.7,20.3,LOW
0.0,10.57,4.15,7.96,0.466,1,national_highway,1359.2,19.2,13.2,LOW
0.0,13.33,3.99,4.37,0.164,1,state_highway,759.8,19.1,26.4,LOW
0.0,8.5,3.43,7.83,0.346,2,national_highway,1225.9,26.2,4.6,LOW
0.0,17.97,3.76,9.29,0.287,3,state_highway,293.3,30.3,10.2,MEDIUM
0.0,21.92,1.11,2.46,0.697,1,rural_hill_road,1709.5,17.4,18.8,HIGH
0.0,6.65,3.07,7.95,0.22,0,national_highway,601.4,22.2,21.2,LOW
1.37,3.88,3.02,9.58,0.163,0,national_highway,1049.2,21.7,3.5,LOW
0.0,3.54,4.07,12.0,0.708,0,national_highway,921.4,32.8,43.9,LOW
0.0,9.96,4.46,1.16,0.319,0,national_highway,1253.3,17.0,24.6,LOW
2.88,14.99,1.72,10.86,0.236,3,rural_hill_road,1421.8,17.2,16.4,HIGH
0.0,25.05,3.61,4.01,0.504,1,rural_hill_road,2245.0,14.4,20.3,HIGH
0.0,14.87,3.5,10.12,0.249,3,state_highway,1182.7,16.4,1.5,MEDIUM
0.0,16.86,3.4,7.17,0.651,2,state_highway,1091.0,13.3,3.6,MEDIUM
0.0,6.59,3.13,6.59,0.566,1,national_highway,1097.3,23.3,17.4,LOW
4.36,8.69,3.77,11.02,0.807,0,state_highway,1551.5,15.5,4.8,MEDIUM
13.15,5.91,4.93,1.61,0.601,0,national_highway,108.2,31.0,20.7,MEDIUM
0.0,10.75,4.89,8.47,0.428,2,national_highway,954.0,21.5,8.9,LOW
0.0,4.59,4.39,8.6,0.904,0,national_highway,645.5,24.0,8.1,LOW
12.61,14.36,4.25,3.08,0.502,3,state_highway,230.7,25.9,22.6,HIGH
0.0,9.03,3.16,6.39,0.56,1,national_highway,621.1,23.7,10.0,LOW
0.0,6.26,4.07,6.88,0.606,0,national_highway,756.4,22.1,25.3,LOW
1.63,6.47,4.49,8.68,0.698,2,national_highway,383.8,28.4,28.2,LOW
0.0,5.08,5.0,9.71,0.283,1,national_highway,290.3,23.0,2.0,LOW
0.0,4.91,2.87,6.14,0.234,0,national_highway,489.2,32.3,1.8,LOW
0.0,4.76,3.81,8.49,0.444,0,state_highway,753.8,22.5,4.4,LOW
4.65,2.45,4.66,10.02,0.231,0,national_highway,451.5,26.9,17.1,LOW
6.96,13.94,4.62,3.81,0.119,1,state_highway,1452.7,16.8,4.1,MEDIUM
0.0,9.87,3.74,7.04,0.171,2,state_highway,370.4,25.7,16.2,LOW
0.0,12.11,2.19,2.46,0.611,3,rural_hill_road,2155.4,12.2,14.5,HIGH
2.3,10.03,3.02,8.52,0.53,1,state_highway,537.9,27.2,14.2,MEDIUM
0.0,7.69,4.28,8.54,0.396,0,national_highway,1123.9,18.5,8.8,LOW
1.66,12.18,3.94,10.77,0.351,2,state_highway,764.8,23.7,30.6,MEDIUM
0.0,15.74,2.57,2.98,0.206,2,state_highway,1497.6,15.9,16.3,MEDIUM
0.0,1.4,4.23,4.68,0.785,0,national_highway,753.2,22.0,13.7,LOW
0.0,15.85,1.82,7.14,0.621,2,rural_hill_road,1243.5,24.7,7.0,MEDIUM
0.0,3.35,3.78,10.21,0.407,1,state_highway,1347.3,23.1,8.8,LOW
0.0,11.7,3.08,9.91,0.222,5,state_highway,355.1,22.8,3.1,MEDIUM
4.8,0.54,3.71,7.85,0.1,0,national_highway,387.5,29.0,18.4,LOW
3.67,8.24,4.43,7.13,0.329,1,national_highway,797.9,21.3,22.2,LOW
0.0,20.03,2.61,0.75,0.491,4,rural_hill_road,1774.4,12.2,12.2,HIGH
2.95,0.88,3.98,11.14,0.193,0,national_highway,482.5,25.2,14.5,LOW
7.74,5.67,4.0,4.1,0.774,1,rural_hill_road,2344.8,17.0,18.7,MEDIUM
0.0,16.55,2.86,9.1,0.732,1,state_highway,245.6,30.7,4.8,MEDIUM
0.01,21.05,1.47,2.37,0.904,3,rural_hill_road,1760.5,23.6,11.5,HIGH
7.96,11.33,2.86,3.79,0.267,1,state_highway,260.4,29.0,23.7,MEDIUM
0.24,6.22,5.0,11.51,0.373,0,national_highway,1004.3,23.2,7.3,LOW
0.0,20.14,1.94,7.48,0.146,1,rural_hill_road,1819.3,22.3,13.4,HIGH
0.0,2.47,5.0,8.98,0.334,1,national_highway,195.7,22.0,17.5,LOW
0.0,3.17,3.68,0.5,0.235,0,national_highway,1490.6,18.9,16.1,LOW
14.64,9.47,4.16,2.69,0.434,2,national_highway,959.9,29.6,7.1,MEDIUM
0.0,9.59,3.9,8.11,0.95,0,state_highway,1185.8,13.9,6.3,LOW
8.53,13.64,4.5,2.99,0.374,0,state_highway,1202.6,23.0,4.5,MEDIUM
0.0,20.07,2.66,7.06,0.466,1,rural_hill_road,2465.6,11.6,4.6,HIGH
0.0,11.72,3.63,7.81,0.793,3,national_highway,966.3,23.6,14.4,MEDIUM
0.0,9.07,2.68,1.08,0.284,2,rural_hill_road,2201.8,16.5,9.7,MEDIUM
0.0,3.57,3.21,9.82,0.611,2,national_highway,518.2,20.5,13.4,LOW
0.0,13.36,2.06,4.75,0.276,2,rural_hill_road,1595.1,18.2,12.6,MEDIUM
0.86,1.75,3.98,6.72,0.194,1,national_highway,1253.7,21.7,13.7,LOW
0.0,22.76,3.02,6.61,0.229,2,rural_hill_road,786.4,28.5,11.5,MEDIUM
0.0,6.15,3.21,9.28,0.352,1,national_highway,395.1,28.6,15.5,LOW
4.28,7.98,2.79,9.06,0.558,1,rural_hill_road,1774.7,17.4,21.3,MEDIUM
0.0,7.79,4.86,7.56,0.581,0,national_highway,204.5,30.9,3.3,LOW
0.0,9.86,4.51,9.81,0.364,2,national_highway,798.8,27.1,9.7,LOW
5.28,20.66,3.85,3.66,0.375,2,rural_hill_road,797.3,21.3,12.7,HIGH
2.55,5.8,2.92,2.84,0.133,0,state_highway,1456.3,21.8,15.2,MEDIUM
0.0,10.14,4.37,7.63,0.123,4,national_highway,526.0,34.0,4.2,LOW
0.0,5.97,3.12,7.96,0.462,0,national_highway,1035.0,21.0,9.8,LOW
6.37,6.53,3.48,4.44,0.362,0,national_highway,1209.8,25.0,7.8,LOW
0.0,6.04,2.92,8.84,0.118,0,rural_hill_road,1165.1,20.8,8.8,MEDIUM
0.0,2.42,2.61,10.77,0.13,0,state_highway,259.6,27.2,1.6,LOW
5.89,7.63,3.63,4.01,0.189,0,national_highway,771.5,30.0,16.6,LOW
0.0,6.14,2.96,1.95,0.215,5,rural_hill_road,2510.9,10.7,10.8,MEDIUM
0.0,11.21,2.35,11.54,0.371,3,state_highway,843.0,24.6,11.6,MEDIUM
35.17,10.92,3.9,1.34,0.504,2,national_highway,570.1,28.3,2.2,HIGH
0.0,8.55,5.0,10.41,0.461,2,national_highway,1298.0,13.7,12.0,LOW
0.0,4.24,4.17,1.31,0.38,3,state_highway,1403.0,20.3,13.2,LOW
6.07,6.53,4.85,4.02,0.684,2,national_highway,360.0,21.0,4.3,LOW
0.0,10.21,4.21,4.57,0.053,2,national_highway,1250.8,27.5,29.0,LOW
17.97,5.92,2.84,0.77,0.475,0,state_highway,205.4,25.3,17.4,MEDIUM
0.0,14.23,2.12,0.59,0.195,4,rural_hill_road,2090.1,14.7,21.6,HIGH
5.79,4.65,4.72,3.72,0.613,0,state_highway,908.9,21.8,2.8,LOW
0.0,3.16,4.7,8.55,0.653,2,national_highway,1037.4,21.0,4.4,LOW
1.63,5.6,2.75,9.46,0.637,0,state_highway,978.3,18.8,1.0,LOW
0.0,6.91,3.52,9.35,0.36,0,national_highway,932.9,25.5,7.6,LOW
0.0,4.57,4.83,12.0,0.554,2,national_highway,906.1,21.9,8.4,LOW
0.0,8.81,4.79,7.25,0.487,0,national_highway,1077.7,19.9,14.9,LOW
0.0,17.08,2.94,6.74,0.5,3,state_highway,306.9,26.9,34.8,MEDIUM
0.19,2.88,3.35,12.0,0.467,3,state_highway,990.5,27.0,26.4,LOW
0.0,15.9,3.23,7.1,0.839,3,state_highway,954.2,25.6,23.0,MEDIUM
3.11,22.1,2.78,8.76,0.034,3,rural_hill_road,955.4,17.1,13.1,HIGH
0.0,11.22,2.82,7.1,0.634,1,national_highway,204.3,26.1,16.3,LOW
0.0,4.65,3.46,9.19,0.694,1,national_highway,1261.6,15.6,10.4,LOW
0.0,5.68,2.68,0.41,0.745,1,state_highway,1547.5,20.9,11.6,MEDIUM
0.0,7.14,3.82,6.04,0.181,0,national_highway,665.2,26.3,4.4,LOW
1.9,19.28,2.76,7.27,0.212,2,rural_hill_road,1345.0,19.3,7.3,MEDIUM
0.0,5.11,2.4,9.63,0.576,1,state_highway,1252.0,18.1,26.7,MEDIUM
0.29,12.49,1.71,7.13,0.512,3,rural_hill_road,2369.5,9.8,21.4,HIGH
2.84,11.46,4.8,10.24,0.54,4,state_highway,420.6,28.7,14.8,MEDIUM
1.21,7.01,4.64,11.04,0.521,1,national_highway,722.9,19.2,32.7,LOW
0.0,11.13,3.57,11.33,0.599,3,national_highway,1061.7,24.0,9.4,MEDIUM
0.0,15.78,3.96,8.74,0.304,1,state_highway,342.4,22.9,17.0,LOW
7.22,17.94,2.44,3.93,0.552,5,state_highway,1510.7,15.0,14.2,MEDIUM
0.82,14.27,4.38,6.92,0.13,5,state_highway,1600.0,17.8,15.7,MEDIUM
0.0,12.15,3.83,7.81,0.386,6,state_highway,793.7,25.6,17.0,MEDIUM
3.19,0.73,3.88,12.0,0.197,1,national_highway,1170.9,21.8,28.5,LOW
0.0,9.26,3.41,9.3,0.118,2,national_highway,1262.1,12.4,12.4,LOW
34.68,18.48,3.63,0.5,0.111,5,rural_hill_road,2556.2,15.8,22.5,HIGH
0.0,17.74,2.66,8.98,0.237,0,rural_hill_road,1440.3,22.4,20.4,MEDIUM
0.0,19.03,2.87,5.17,0.141,2,rural_hill_road,1521.2,10.8,29.9,MEDIUM
5.35,3.77,2.37,3.21,0.369,1,state_highway,1175.5,26.1,2.8,LOW
0.0,7.78,3.44,10.8,0.568,0,state_highway,761.8,26.9,11.9,LOW
8.41,16.32,4.8,1.98,0.192,5,state_highway,1362.8,23.1,9.3,HIGH
0.0,4.44,4.27,1.54,0.422,0,national_highway,1424.1,18.4,21.7,LOW
0.0,3.86,3.06,7.77,0.301,2,state_highway,1077.6,18.4,21.3,LOW
13.6,3.83,3.58,1.31,0.279,0,state_highway,908.1,24.9,18.1,MEDIUM
0.0,4.68,3.43,7.95,0.091,0,national_highway,1315.1,23.5,19.8,LOW
4.08,12.81,2.97,6.67,0.615,3,rural_hill_road,2141.1,21.1,11.1,HIGH
8.75,17.71,1.46,2.27,0.641,5,rural_hill_road,2135.4,14.9,13.9,HIGH
6.69,15.43,3.2,1.93,0.267,2,state_highway,873.9,19.1,14.4,MEDIUM
0.0,10.46,3.53,8.59,0.579,4,rural_hill_road,2037.8,20.5,7.3,MEDIUM
0.0,10.73,3.69,10.44,0.339,1,national_highway,1399.8,19.7,3.8,LOW
2.75,5.37,4.08,8.13,0.297,0,national_highway,205.0,28.7,27.5,LOW
1.51,17.98,4.7,7.35,0.054,1,state_highway,544.8,24.7,25.8,LOW
0.0,6.05,3.09,8.22,0.717,2,national_highway,1156.0,21.2,15.2,LOW
0.0,4.57,3.42,5.97,0.685,2,state_highway,1613.4,11.5,24.9,MEDIUM
0.0,2.99,4.17,7.04,0.491,1,national_highway,85.7,34.7,18.4,LOW
0.0,14.96,3.72,2.89,0.312,5,state_highway,394.4,23.5,20.0,MEDIUM
0.0,5.26,4.44,1.52,0.522,1,national_highway,1282.0,23.0,6.3,LOW
0.0,11.05,4.7,9.65,0.451,4,national_highway,991.9,19.5,10.7,LOW
1.05,10.24,2.99,9.76,0.471,2,state_highway,1475.2,16.0,9.2,MEDIUM
2.4,4.2,4.2,6.27,0.443,1,national_highway,1191.5,12.6,11.3,LOW
0.0,9.94,3.83,1.53,0.348,1,national_highway,1480.1,20.7,10.7,LOW
0.0,12.81,2.49,1.18,0.546,1,rural_hill_road,2597.6,16.9,19.7,HIGH
0.0,9.62,2.27,10.38,0.402,2,rural_hill_road,770.1,21.3,8.7,MEDIUM
0.0,21.22,2.3,1.27,0.319,3,rural_hill_road,1784.4,17.5,6.1,HIGH
0.0,8.54,2.95,0.6,0.057,0,state_highway,1303.3,19.9,6.9,MEDIUM
2.75,9.07,3.54,9.85,0.479,0,national_highway,337.2,30.1,9.5,LOW
0.0,2.68,3.62,7.57,0.321,2,state_highway,209.0,27.4,17.2,LOW
0.0,16.87,2.1,5.38,0.297,3,rural_hill_road,912.4,22.9,7.7,MEDIUM
0.0,23.27,3.25,5.19,0.411,4,rural_hill_road,2354.5,18.8,25.0,HIGH
2.06,2.83,2.94,1.74,0.35,1,state_highway,1361.6,20.0,20.4,MEDIUM
0.0,11.26,4.93,8.08,0.548,0,national_highway,549.2,28.3,21.8,LOW
0.0,11.79,4.23,7.36,0.488,4,national_highway,1025.8,29.0,19.2,MEDIUM
0.0,11.29,3.86,9.12,0.36,6,national_highway,1225.1,16.9,11.6,MEDIUM
0.88,13.49,2.91,6.88,0.592,0,state_highway,200.3,26.3,33.6,MEDIUM
0.0,8.46,5.0,7.12,0.125,3,national_highway,1349.8,22.6,31.5,LOW
0.0,3.58,3.59,8.44,0.82,0,state_highway,569.5,21.9,19.3,LOW
19.39,15.17,2.79,2.12,0.461,8,rural_hill_road,877.5,20.8,16.5,HIGH
0.0,11.74,1.82,11.59,0.678,1,rural_hill_road,880.5,17.0,11.6,MEDIUM
0.0,7.28,3.62,7.39,0.243,2,national_highway,624.1,28.4,11.6,LOW
0.0,11.54,4.74,10.01,0.083,2,national_highway,1470.1,22.3,18.3,LOW
5.23,11.04,1.81,2.49,0.38,3,state_highway,1398.6,21.5,24.6,HIGH
0.0,7.01,2.55,8.41,0.487,2,rural_hill_road,2080.2,17.6,7.4,MEDIUM
7.81,7.16,4.15,4.74,0.212,1,national_highway,1201.9,19.7,21.8,LOW
7.37,7.18,4.13,1.4,0.533,0,national_highway,1160.5,18.2,9.7,LOW
0.0,10.54,4.37,10.12,0.647,1,national_highway,315.2,28.5,8.1,LOW
0.0,9.93,4.95,8.25,0.439,0,national_highway,445.2,27.6,27.2,LOW
0.0,10.76,1.89,0.7,0.453,2,rural_hill_road,1217.8,19.7,7.7,HIGH
0.0,4.21,2.05,10.37,0.594,2,state_highway,979.9,23.9,5.6,LOW
0.3,4.67,4.63,7.88,0.121,2,national_highway,856.9,30.8,25.8,LOW
0.0,11.82,3.0,1.73,0.066,1,state_highway,1324.6,16.9,17.9,MEDIUM
10.79,7.74,3.2,1.46,0.56,0,rural_hill_road,2205.8,10.2,22.6,MEDIUM
0.0,3.2,4.5,8.34,0.753,0,state_highway,725.4,22.9,11.0,LOW
0.0,16.37,3.28,10.75,0.255,3,state_highway,1434.9,23.8,30.0,MEDIUM
7.07,12.8,2.32,1.65,0.373,2,rural_hill_road,2176.0,18.3,6.0,HIGH
0.0,3.86,4.56,10.03,0.481,2,national_highway,661.7,18.9,3.1,LOW
0.0,16.57,3.33,4.94,0.098,1,state_highway,1201.1,26.9,7.1,LOW
0.0,2.11,4.37,5.86,0.412,1,national_highway,1455.9,23.2,10.3,LOW
1.22,5.01,4.47,8.5,0.627,0,state_highway,368.9,25.9,4.6,LOW
0.0,10.31,1.64,9.36,0.61,0,rural_hill_road,2324.4,7.0,18.7,MEDIUM
2.48,4.44,2.93,10.59,0.51,1,state_highway,1173.9,24.5,8.7,LOW
5.04,6.26,4.48,2.93,0.716,2,national_highway,886.8,19.7,32.7,MEDIUM
0.0,3.15,4.29,8.89,0.274,1,national_highway,831.2,26.1,10.8,LOW
0.0,5.86,4.66,9.51,0.29,1,national_highway,276.6,23.7,19.3,LOW
0.0,7.57,3.68,8.23,0.257,0,national_highway,1259.3,17.4,13.0,LOW
0.0,11.31,2.1,1.62,0.391,1,rural_hill_road,2252.0,12.5,6.9,HIGH
0.0,7.46,4.71,10.84,0.489,2,national_highway,853.9,23.8,5.3,LOW
0.0,5.02,4.01,9.68,0.249,2,national_highway,364.6,24.8,6.8,LOW
8.21,8.03,4.17,4.83,0.338,2,national_highway,329.0,23.8,9.8,MEDIUM
3.88,1.13,4.36,10.49,0.137,0,national_highway,929.9,17.8,13.3,LOW
0.0,8.11,3.83,6.59,0.298,1,national_highway,895.5,20.8,11.8,LOW
0.0,6.09,3.85,2.12,0.273,2,national_highway,1300.0,20.3,39.2,MEDIUM
0.0,8.84,4.17,7.2,0.028,3,national_highway,1181.9,14.2,24.6,LOW
0.0,11.4,3.7,9.76,0.105,2,national_highway,1161.7,23.6,4.7,MEDIUM
0.0,8.21,3.14,11.1,0.355,0,state_highway,953.2,23.2,18.4,LOW
1.69,17.05,3.91,1.21,0.193,2,state_highway,1575.4,17.5,11.0,MEDIUM
0.0,20.67,2.82,11.85,0.354,2,rural_hill_road,1482.6,20.2,5.1,HIGH
11.84,8.96,4.11,2.21,0.527,0,national_highway,396.4,27.0,26.7,MEDIUM
0.0,1.58,3.74,8.72,0.158,0,national_highway,163.4,24.7,24.2,LOW
0.0,18.43,1.37,9.55,0.384,2,rural_hill_road,2450.7,10.5,32.0,HIGH
0.0,6.14,3.96,10.39,0.092,1,state_highway,981.2,18.7,14.6,LOW
0.0,1.17,3.97,6.84,0.446,0,national_highway,1085.1,26.2,15.6,LOW
0.0,12.06,2.87,7.04,0.363,2,state_highway,723.5,24.9,4.0,MEDIUM
0.0,4.78,3.89,10.48,0.664,1,national_highway,312.9,26.6,10.6,LOW
9.49,16.96,2.53,3.52,0.042,5,state_highway,1204.2,15.2,8.5,HIGH
2.6,17.74,1.62,7.15,0.718,0,state_highway,258.0,25.2,12.1,MEDIUM
0.0,15.2,3.4,1.02,0.073,0,state_highway,1507.3,22.4,9.2,MEDIUM
0.0,16.57,1.0,9.15,0.294,2,rural_hill_road,979.0,24.9,19.1,MEDIUM
0.0,11.07,3.35,7.69,0.553,1,national_highway,1005.5,20.6,25.6,LOW
0.0,10.58,4.16,4.38,0.544,3,national_highway,651.5,22.5,18.0,LOW
0.0,7.23,4.85,10.43,0.818,0,national_highway,317.3,29.4,11.3,LOW
0.91,9.82,3.8,8.01,0.263,1,state_highway,1084.8,18.8,15.2,LOW
0.0,15.56,3.75,9.05,0.884,0,state_highway,262.4,30.1,18.5,LOW
21.04,10.52,3.88,1.24,0.63,3,national_highway,789.3,19.6,22.6,HIGH
0.0,8.24,3.61,6.71,0.294,0,national_highway,467.0,24.0,16.2,LOW
0.0,17.57,3.06,10.01,0.569,2,state_highway,1330.7,24.4,18.1,MEDIUM
0.0,8.65,4.7,0.56,0.216,2,national_highway,1474.5,15.8,7.3,LOW
0.0,15.89,2.38,0.59,0.22,0,rural_hill_road,2426.5,10.5,11.7,HIGH
0.0,8.43,4.4,7.77,0.381,0,national_highway,74.5,28.4,28.7,LOW
0.0,11.31,3.73,0.41,0.456,0,state_highway,1763.5,16.8,8.7,MEDIUM
13.19,16.28,3.84,2.83,0.208,3,rural_hill_road,1980.5,15.8,37.8,HIGH
0.0,6.39,3.99,7.19,0.51,1,state_highway,1138.8,21.9,3.1,LOW
0.0,15.07,3.35,10.48,0.262,1,state_highway,1200.6,26.5,7.3,LOW
4.64,4.72,3.18,7.69,0.353,1,state_highway,769.7,19.1,8.1,LOW
0.0,8.98,2.08,9.89,0.553,0,state_highway,346.0,30.2,18.7,LOW
0.0,13.25,3.79,6.35,0.478,5,state_highway,1103.8,15.9,35.6,MEDIUM
0.0,4.87,2.73,8.74,0.616,1,state_highway,299.7,25.7,6.4,LOW
9.94,8.2,2.94,4.08,0.083,1,state_highway,894.8,23.5,10.7,MEDIUM
0.0,17.28,2.8,8.1,0.048,4,state_highway,1696.3,21.0,14.8,MEDIUM
0.0,10.34,4.34,6.59,0.474,3,national_highway,273.6,25.1,2.3,LOW
0.0,8.74,3.91,7.42,0.442,2,national_highway,653.1,22.7,10.9,LOW
1.4,4.36,4.67,7.44,0.313,0,national_highway,1030.9,29.9,2.3,LOW
9.46,9.09,4.81,3.41,0.346,1,national_highway,328.4,29.0,9.1,MEDIUM
0.0,14.34,3.44,7.27,0.17,1,state_highway,1566.4,17.3,13.6,LOW
0.0,15.85,3.31,8.87,0.6,1,rural_hill_road,876.4,23.7,31.9,MEDIUM
4.9,10.0,3.25,2.71,0.656,0,state_highway,1218.2,21.6,5.4,MEDIUM
5.35,11.55,3.76,4.48,0.325,3,national_highway,529.7,22.8,19.4,MEDIUM
0.0,5.16,3.36,2.88,0.233,0,state_highway,1063.9,27.3,9.8,LOW
14.03,2.39,3.48,4.29,0.094,3,national_highway,954.4,21.7,19.2,MEDIUM
2.77,14.37,1.89,6.08,0.231,0,rural_hill_road,1519.6,21.2,5.3,MEDIUM
0.0,17.81,2.33,11.36,0.346,1,state_highway,211.6,25.6,4.7,LOW
0.0,16.06,3.24,9.62,0.592,3,state_highway,1735.6,18.7,15.7,MEDIUM
4.29,4.35,4.4,9.29,0.493,1,national_highway,1442.3,19.1,14.8,LOW
0.0,2.48,4.91,1.49,0.257,0,national_highway,1346.4,26.2,7.7,LOW
4.78,4.34,3.43,7.13,0.212,0,national_highway,420.8,33.5,7.2,LOW
9.34,4.68,2.99,2.63,0.389,0,state_highway,1569.8,19.7,11.0,MEDIUM
0.0,6.85,3.73,10.66,0.036,0,national_highway,1399.2,22.2,12.9,LOW
6.13,10.36,3.79,4.47,0.258,2,national_highway,246.0,31.5,2.8,MEDIUM
15.53,9.5,3.65,0.42,0.548,1,state_highway,686.7,29.8,5.6,HIGH
0.0,8.97,1.99,7.89,0.526,3,rural_hill_road,1459.3,20.0,11.5,MEDIUM
11.38,24.6,4.0,2.4,0.314,2,rural_hill_road,756.6,27.5,13.2,HIGH
0.0,3.23,3.84,5.54,0.097,0,national_highway,73.8,32.5,24.4,LOW
0.0,0.71,3.25,7.79,0.209,1,national_highway,767.9,23.8,9.7,LOW
0.0,0.7,4.09,7.45,0.229,1,national_highway,671.5,23.3,25.3,LOW
0.0,8.42,2.29,11.66,0.358,1,national_highway,942.5,28.3,21.5,LOW
0.0,13.28,2.45,0.92,0.153,3,rural_hill_road,1386.8,14.2,21.5,MEDIUM
0.0,9.25,4.06,1.22,0.224,0,state_highway,1621.9,23.3,14.9,LOW
0.0,14.21,4.46,9.36,0.409,2,state_highway,263.7,21.0,12.1,LOW
11.54,5.95,2.41,1.66,0.141,0,state_highway,1095.7,18.2,15.7,MEDIUM
0.0,11.39,3.79,9.52,0.382,3,national_highway,376.7,21.1,5.4,LOW
0.0,1.59,3.73,10.82,0.274,1,national_highway,1001.5,21.4,11.3,LOW
0.0,0.66,3.69,8.44,0.546,3,national_highway,729.1,28.9,30.8,LOW
0.0,21.6,2.85,6.56,0.568,8,rural_hill_road,1780.7,12.9,9.2,HIGH
0.0,14.94,2.16,1.43,0.464,1,rural_hill_road,2535.2,10.8,7.9,MEDIUM
2.13,18.71,2.35,8.35,0.24,1,rural_hill_road,1627.8,26.3,3.3,HIGH
4.67,22.46,1.45,7.31,0.348,1,rural_hill_road,2529.7,13.4,7.3,HIGH
0.0,17.76,3.08,7.44,0.341,3,state_highway,1133.5,20.3,19.7,MEDIUM
0.0,18.51,2.25,2.69,0.428,1,rural_hill_road,1287.6,19.7,7.4,HIGH
1.72,5.28,2.28,10.69,0.512,0,rural_hill_road,1972.9,21.1,16.6,MEDIUM
5.44,22.09,3.16,2.63,0.313,4,rural_hill_road,1184.3,26.3,18.6,HIGH
0.0,5.94,3.45,6.25,0.364,1,state_highway,276.5,24.7,26.4,LOW
0.0,10.01,2.21,10.71,0.192,0,rural_hill_road,1100.7,20.9,11.5,MEDIUM
1.71,20.18,2.49,11.7,0.675,1,rural_hill_road,2161.5,16.1,15.3,HIGH
0.0,11.54,4.51,7.23,0.275,3,national_highway,470.0,21.3,14.5,LOW
0.0,8.0,4.98,8.37,0.3,0,national_highway,188.8,34.8,3.1,LOW
0.0,5.47,3.95,4.92,0.182,0,state_highway,761.1,27.6,11.5,LOW
0.0,16.0,2.66,6.44,0.779,5,rural_hill_road,1477.1,14.0,5.7,MEDIUM
15.92,9.19,4.42,2.42,0.46,1,national_highway,742.1,21.2,19.2,MEDIUM
0.0,2.65,3.64,7.3,0.567,3,national_highway,870.7,21.8,6.8,LOW
9.96,8.42,4.29,2.3,0.498,1,national_highway,1463.4,18.8,7.7,MEDIUM
0.0,7.62,3.35,8.15,0.391,0,state_highway,717.5,20.4,28.9,LOW
0.0,9.47,2.97,6.42,0.271,1,state_highway,893.7,23.6,14.5,LOW
0.0,3.82,4.04,8.27,0.427,1,national_highway,1010.4,23.3,24.0,LOW
0.0,14.93,2.53,10.03,0.312,0,rural_hill_road,1643.1,14.2,26.9,MEDIUM
0.0,1.58,4.55,7.75,0.075,1,national_highway,431.3,20.8,35.9,LOW
16.44,5.88,4.65,1.99,0.225,0,national_highway,873.6,27.5,25.5,MEDIUM
4.37,11.84,3.1,12.0,0.345,5,national_highway,1070.2,26.8,10.8,MEDIUM
0.77,9.77,5.0,7.71,0.341,0,national_highway,312.7,21.5,28.2,LOW
0.0,15.25,4.33,8.29,0.471,1,state_highway,890.6,25.5,2.3,LOW
0.0,7.82,4.92,2.19,0.383,0,national_highway,1346.2,25.7,9.1,LOW
0.0,2.07,3.92,1.7,0.6,0,state_highway,1501.8,22.1,6.1,LOW
7.96,5.04,3.66,2.86,0.348,0,national_highway,386.2,27.9,16.7,LOW
0.0,2.09,3.55,6.92,0.559,2,national_highway,279.5,29.7,15.0,LOW
0.0,13.89,2.06,6.24,0.498,6,rural_hill_road,985.7,15.4,10.3,MEDIUM
11.34,11.56,4.09,4.52,0.399,0,national_highway,1168.2,23.8,32.9,HIGH
13.27,8.13,2.87,4.38,0.546,1,rural_hill_road,1266.5,21.3,29.9,HIGH
5.66,14.63,2.89,1.31,0.574,5,state_highway,300.9,24.9,17.4,HIGH
3.59,1.64,4.48,10.02,0.437,0,national_highway,1027.6,19.7,6.8,LOW
0.0,7.45,2.69,4.91,0.265,1,state_highway,1248.4,16.4,24.3,LOW
0.0,7.95,3.28,8.09,0.729,1,state_highway,795.8,25.9,7.5,LOW
0.0,17.89,3.72,2.78,0.262,1,state_highway,1622.6,18.4,6.9,MEDIUM
0.0,2.91,4.59,7.74,0.102,1,national_highway,1262.7,21.7,31.6,LOW
0.0,10.68,4.12,9.68,0.41,4,national_highway,734.5,25.2,11.1,LOW
4.51,15.22,1.96,9.24,0.304,2,state_highway,777.3,19.6,32.0,MEDIUM
6.87,8.67,3.6,3.35,0.4,1,state_highway,655.8,21.9,7.5,LOW
0.0,13.54,3.26,7.06,0.379,4,state_highway,266.6,28.2,11.6,MEDIUM
4.93,5.51,3.57,8.4,0.709,3,state_highway,425.1,24.3,8.2,MEDIUM
0.0,11.26,3.89,1.11,0.608,4,national_highway,1262.4,23.0,16.9,MEDIUM
0.0,9.44,4.7,8.46,0.052,0,national_highway,608.9,25.2,10.7,LOW
0.0,8.48,4.34,6.06,0.175,1,national_highway,334.7,25.3,33.7,LOW
0.0,17.91,2.53,11.09,0.605,4,rural_hill_road,2374.4,6.4,20.4,MEDIUM
6.04,4.33,3.39,3.67,0.233,1,state_highway,1061.6,23.1,13.0,LOW
0.0,13.47,4.16,8.91,0.309,2,state_highway,235.6,23.6,27.0,LOW
39.03,8.13,3.75,0.33,0.722,0,state_highway,410.8,24.4,21.6,HIGH
0.0,16.56,2.63,4.68,0.451,6,rural_hill_road,799.9,19.1,5.6,MEDIUM
0.48,2.3,2.57,10.11,0.334,1,state_highway,1066.3,22.4,10.4,LOW
11.08,6.56,2.67,3.16,0.449,1,national_highway,345.9,30.8,23.7,MEDIUM
0.0,23.05,2.34,10.69,0.438,6,rural_hill_road,824.0,24.8,20.4,MEDIUM
0.0,8.25,3.69,9.54,0.425,2,national_highway,966.6,19.7,10.0,LOW
0.0,6.26,4.4,5.59,0.05,0,national_highway,759.5,19.4,7.1,LOW
0.0,13.08,3.07,10.87,0.755,1,state_highway,1012.3,23.0,29.3,LOW
0.0,12.54,2.7,5.59,0.049,2,rural_hill_road,1125.9,23.5,27.0,MEDIUM
0.0,7.26,4.78,7.52,0.37,0,national_highway,1044.2,24.5,16.6,LOW
0.0,5.28,4.96,7.11,0.233,0,national_highway,339.7,29.0,13.6,LOW
18.99,24.88,3.07,1.81,0.215,5,rural_hill_road,843.2,20.7,14.2,HIGH
0.0,13.83,3.15,5.36,0.529,2,state_highway,1070.2,21.3,8.4,MEDIUM
0.0,9.33,3.15,0.73,0.428,1,state_highway,1697.3,15.9,2.3,MEDIUM
0.0,1.93,3.56,7.73,0.786,0,national_highway,349.6,31.6,8.3,LOW
0.0,15.37,3.84,1.98,0.475,2,state_highway,1622.5,20.5,13.2,MEDIUM
0.32,2.37,4.12,11.84,0.579,2,national_highway,360.2,28.1,25.0,LOW
0.0,7.17,3.77,5.67,0.124,1,national_highway,1412.5,20.3,17.9,LOW
0.0,11.05,2.81,5.61,0.518,2,state_highway,612.6,20.7,25.3,MEDIUM
7.97,1.65,3.88,3.05,0.264,1,national_highway,1173.3,21.4,17.6,LOW
0.0,6.65,4.91,10.27,0.571,1,national_highway,657.4,25.2,5.4,LOW
4.33,5.78,3.64,8.11,0.367,2,state_highway,1273.2,16.1,6.0,LOW
0.0,1.38,5.0,6.46,0.608,1,national_highway,553.2,23.3,10.7,LOW
6.14,11.37,1.23,3.74,0.54,2,rural_hill_road,1633.4,12.3,12.5,HIGH
1.83,0.6,4.6,2.55,0.694,1,national_highway,1360.8,24.6,39.0,LOW
0.0,17.76,4.03,7.75,0.304,2,state_highway,626.7,20.7,6.3,MEDIUM
0.0,2.93,4.38,12.0,0.897,0,national_highway,1434.3,17.2,3.8,LOW
11.57,1.04,4.31,1.84,0.751,0,national_highway,288.9,20.6,6.9,MEDIUM
0.08,8.69,2.45,11.59,0.447,1,rural_hill_road,923.6,25.5,1.0,MEDIUM
5.87,5.24,2.95,3.62,0.664,0,state_highway,1660.6,15.8,10.6,MEDIUM
0.0,6.22,3.02,1.77,0.632,3,rural_hill_road,2329.8,13.2,3.9,MEDIUM
0.0,9.02,2.7,5.37,0.406,1,state_highway,1124.3,31.4,10.0,LOW
7.7,7.87,4.4,3.74,0.678,0,national_highway,1151.3,23.8,5.4,LOW
0.0,7.5,4.88,7.07,0.459,1,national_highway,60.8,22.2,9.9,LOW
9.45,10.74,4.25,4.99,0.669,4,national_highway,1062.5,21.6,22.3,HIGH
0.0,7.44,3.39,6.8,0.263,1,national_highway,169.6,24.0,16.3,LOW
0.0,9.77,3.83,10.01,0.32,1,rural_hill_road,2395.8,10.1,17.3,MEDIUM
0.0,8.62,3.06,5.49,0.394,1,national_highway,170.3,21.5,21.3,LOW
0.0,13.01,2.77,11.34,0.365,3,rural_hill_road,2444.6,14.1,6.5,MEDIUM
1.68,15.28,3.65,7.84,0.593,4,state_highway,1352.5,16.8,5.0,MEDIUM
1.63,7.66,4.22,8.08,0.318,1,national_highway,1045.6,28.2,6.6,LOW
0.0,8.41,3.95,4.08,0.266,1,state_highway,442.4,23.8,5.8,LOW
4.42,25.56,3.49,9.82,0.075,2,rural_hill_road,1868.6,12.3,13.7,HIGH
0.0,15.52,2.67,8.29,0.307,4,rural_hill_road,2578.4,13.1,4.8,MEDIUM
0.0,17.89,2.41,0.61,0.328,3,rural_hill_road,2174.5,15.7,19.1,HIGH
6.03,8.4,3.27,2.75,0.747,2,national_highway,554.3,24.3,9.9,MEDIUM
0.0,9.66,2.83,6.72,0.691,1,state_highway,806.6,27.2,18.4,LOW
9.28,21.75,3.23,3.2,0.402,5,rural_hill_road,947.8,23.5,8.0,HIGH
2.1,12.3,3.98,0.46,0.432,4,state_highway,1273.2,19.9,12.2,HIGH
0.0,5.73,3.8,4.46,0.433,1,state_highway,627.5,21.8,24.7,LOW
1.73,20.78,2.3,9.71,0.247,3,rural_hill_road,2209.8,14.5,8.3,HIGH
0.0,13.95,2.98,7.33,0.363,3,state_highway,1548.8,21.4,28.1,MEDIUM
9.1,23.3,2.72,5.0,0.708,6,rural_hill_road,1370.3,15.7,26.3,HIGH
13.49,5.55,1.78,4.06,0.429,0,rural_hill_road,1473.8,19.3,22.8,HIGH
0.0,21.26,2.96,6.68,0.216,4,rural_hill_road,1150.4,19.5,12.6,MEDIUM
0.0,8.38,4.19,9.54,0.41,0,national_highway,947.6,26.0,8.5,LOW
17.55,14.18,3.06,0.69,0.334,3,state_highway,1415.5,20.8,6.9,HIGH
0.34,5.38,1.77,5.32,0.718,1,state_highway,245.6,26.7,13.9,MEDIUM
0.0,9.56,2.28,10.01,0.059,4,rural_hill_road,1447.2,25.2,14.1,MEDIUM
0.0,7.87,4.07,7.41,0.34,0,national_highway,1182.1,22.7,3.6,LOW
1.1,1.24,3.74,9.43,0.399,2,national_highway,854.6,22.4,3.3,LOW
0.0,17.95,3.54,7.21,0.421,2,state_highway,253.1,28.1,5.0,LOW
0.0,4.71,4.32,8.47,0.672,0,national_highway,363.1,22.3,3.6,LOW
0.0,2.85,4.52,10.04,0.278,0,state_highway,381.5,27.6,23.8,LOW
2.67,20.35,2.68,6.38,0.385,2,rural_hill_road,838.6,26.3,22.6,HIGH
0.0,8.8,3.78,9.35,0.312,1,national_highway,908.4,23.6,5.9,LOW
2.22,7.26,4.09,1.87,0.445,1,national_highway,1478.9,14.4,21.9,LOW
0.0,20.75,2.42,9.78,0.351,3,rural_hill_road,1042.9,18.7,20.8,HIGH
1.88,4.24,3.64,6.75,0.32,0,national_highway,163.0,24.2,9.6,LOW
19.75,10.73,4.28,0.82,0.327,0,national_highway,1181.3,20.6,12.9,HIGH
0.0,8.63,2.34,9.57,0.291,3,rural_hill_road,1404.8,18.5,19.3,MEDIUM
10.7,7.11,3.58,3.04,0.177,1,state_highway,735.5,23.8,13.8,MEDIUM
0.0,20.1,2.41,10.01,0.366,3,rural_hill_road,1424.2,21.5,26.1,HIGH
25.11,8.3,4.64,1.56,0.421,1,state_highway,1173.6,25.8,11.9,HIGH
0.34,8.08,3.26,6.38,0.055,0,state_highway,1035.3,23.9,15.0,LOW
0.0,10.09,4.13,10.21,0.224,3,state_highway,1494.4,16.6,24.7,MEDIUM
0.0,4.43,2.21,1.87,0.427,1,state_highway,1675.5,21.1,33.1,MEDIUM
0.0,1.9,3.98,8.23,0.116,0,national_highway,244.0,29.2,18.0,LOW
0.0,6.47,1.29,9.21,0.447,4,rural_hill_road,2179.1,12.8,26.6,MEDIUM
0.0,7.92,2.68,0.52,0.188,3,national_highway,1287.9,20.4,2.1,MEDIUM
2.02,12.87,2.68,8.76,0.51,0,state_highway,1528.2,14.6,10.8,MEDIUM
0.0,5.98,5.0,6.62,0.215,0,national_highway,356.2,30.9,6.1,LOW
0.0,11.35,4.7,4.91,0.534,5,state_highway,676.0,19.2,7.3,MEDIUM
0.0,15.62,3.76,1.57,0.47,4,state_highway,1245.3,18.2,14.4,MEDIUM
0.43,16.91,4.75,9.15,0.314,1,state_highway,273.2,30.0,20.3,LOW
1.05,12.33,3.23,9.24,0.132,0,state_highway,721.6,23.5,14.8,LOW
6.95,15.52,2.92,2.35,0.435,1,rural_hill_road,2095.4,7.9,33.0,HIGH
0.0,24.39,3.6,6.03,0.301,2,rural_hill_road,2194.9,18.3,13.9,MEDIUM
2.59,16.17,2.72,6.3,0.299,3,rural_hill_road,1102.7,24.4,29.3,MEDIUM
8.01,6.28,3.65,2.78,0.074,0,national_highway,1368.1,18.3,5.4,MEDIUM
0.0,3.3,4.23,8.52,0.489,0,national_highway,112.1,24.8,6.5,LOW
19.69,19.84,3.33,1.72,0.101,2,rural_hill_road,712.3,30.5,4.7,HIGH
0.07,1.92,4.18,8.05,0.052,0,national_highway,869.9,28.7,13.1,LOW
0.0,4.99,4.7,6.0,0.391,0,national_highway,84.2,29.3,14.1,LOW
5.45,16.11,2.85,4.52,0.47,1,rural_hill_road,1615.2,20.4,13.9,MEDIUM
0.0,9.35,3.38,9.66,0.5,2,state_highway,972.0,22.7,10.9,LOW
0.0,17.47,4.48,9.94,0.217,3,state_highway,843.9,19.6,21.8,MEDIUM
8.12,6.81,3.8,3.84,0.325,4,state_highway,615.9,25.2,32.8,MEDIUM
0.0,9.53,4.24,10.79,0.576,1,national_highway,91.2,27.4,10.7,LOW
2.52,3.23,4.59,4.69,0.556,1,national_highway,1110.4,19.6,17.4,LOW
0.0,11.61,3.41,9.15,0.324,4,national_highway,992.5,20.6,3.3,LOW
0.0,4.74,3.05,10.65,0.278,1,national_highway,404.2,27.6,6.2,LOW
0.0,10.72,2.84,1.84,0.079,3,state_highway,1537.4,24.1,8.2,MEDIUM
5.45,12.42,3.06,4.97,0.23,3,state_highway,1073.8,15.8,12.8,MEDIUM
0.0,10.88,4.6,8.6,0.209,4,national_highway,794.0,26.7,6.1,LOW
0.0,22.82,2.04,0.51,0.361,4,rural_hill_road,1411.2,17.0,26.9,HIGH
0.0,11.58,4.26,5.59,0.053,0,national_highway,1044.9,19.0,16.1,LOW
0.0,13.89,2.81,2.75,0.081,1,rural_hill_road,2248.1,13.6,55.4,HIGH
3.21,6.6,1.0,9.48,0.609,1,rural_hill_road,2271.1,14.3,12.8,HIGH
0.0,8.33,4.8,9.48,0.119,2,state_highway,233.2,21.3,17.2,LOW
7.15,13.98,3.93,2.81,0.333,1,state_highway,1798.6,18.2,12.6,MEDIUM
9.48,6.15,3.08,2.4,0.161,1,national_highway,844.4,27.3,8.5,MEDIUM
0.0,1.38,3.43,7.64,0.322,0,national_highway,1124.8,29.0,12.3,LOW
0.0,9.27,3.21,10.07,0.428,1,national_highway,953.7,19.3,48.9,LOW
0.0,6.68,4.65,2.45,0.17,1,national_highway,1259.6,25.0,14.2,LOW
0.0,19.32,1.67,12.0,0.593,2,rural_hill_road,1599.4,24.7,68.0,HIGH
7.83,13.07,3.01,4.65,0.515,4,rural_hill_road,1743.5,14.9,3.5,HIGH
0.0,2.15,4.85,8.69,0.394,0,national_highway,271.9,31.1,17.7,LOW
0.0,8.4,3.96,10.04,0.665,1,national_highway,1041.8,23.1,7.6,LOW
6.71,16.55,2.46,1.31,0.528,7,rural_hill_road,902.8,24.9,21.0,HIGH
9.0,2.27,2.1,4.83,0.586,1,state_highway,1635.3,19.6,2.9,MEDIUM
0.0,10.86,3.44,12.0,0.248,4,national_highway,1025.3,19.1,3.8,MEDIUM
13.29,11.78,3.11,3.88,0.388,3,state_highway,568.1,26.9,11.4,HIGH
0.0,23.85,2.72,8.84,0.455,2,rural_hill_road,818.2,20.6,8.5,MEDIUM
0.0,6.28,3.19,5.49,0.164,0,state_highway,467.2,24.6,3.4,LOW
0.0,2.64,4.32,8.26,0.173,2,national_highway,750.0,20.4,13.6,LOW
0.0,12.97,4.28,1.79,0.364,3,state_highway,1523.6,16.1,34.2,MEDIUM
0.0,11.47,4.47,7.58,0.212,0,national_highway,571.1,21.9,5.7,LOW
0.0,7.07,4.8,9.42,0.247,0,state_highway,804.0,26.3,10.4,LOW
11.96,11.17,4.0,3.52,0.138,0,national_highway,1089.8,16.8,10.7,MEDIUM
8.12,9.73,4.72,2.43,0.604,2,national_highway,1289.4,16.9,7.9,MEDIUM
6.39,1.47,4.17,3.37,0.467,2,national_highway,1094.9,23.8,13.7,LOW
12.55,0.88,3.44,3.33,0.071,0,national_highway,1348.4,19.9,23.6,MEDIUM
0.0,5.76,3.66,6.95,0.369,2,national_highway,1379.3,24.6,30.3,LOW
3.05,11.24,3.6,0.49,0.439,5,national_highway,1300.5,25.4,16.7,HIGH
5.88,8.37,3.11,2.25,0.596,0,state_highway,1241.5,17.2,4.7,MEDIUM
2.09,9.36,4.43,5.87,0.377,1,national_highway,1223.8,26.1,19.0,LOW
0.0,3.19,4.64,6.49,0.265,1,national_highway,1115.4,21.1,13.7,LOW
0.0,18.31,2.95,8.84,0.208,0,rural_hill_road,1742.4,21.7,13.3,MEDIUM
13.4,9.26,5.0,4.91,0.538,0,national_highway,510.1,23.3,10.0,MEDIUM
1.21,5.76,3.58,6.75,0.696,1,national_highway,567.6,25.2,13.9,LOW
1.16,13.85,3.71,9.87,0.063,3,state_highway,949.0,24.5,9.0,MEDIUM
0.0,1.55,4.29,12.0,0.334,0,national_highway,816.8,28.7,21.0,LOW
6.99,7.0,3.33,1.24,0.085,3,state_highway,1056.9,21.8,16.5,MEDIUM
1.46,9.14,4.6,8.03,0.583,0,national_highway,620.2,19.1,18.4,LOW
0.0,3.94,1.5,0.98,0.763,1,state_highway,1393.8,16.2,3.3,MEDIUM
6.18,10.66,3.96,3.51,0.911,1,national_highway,410.6,30.9,26.9,MEDIUM
6.58,10.93,2.04,3.46,0.433,3,rural_hill_road,702.2,33.8,41.4,HIGH
0.0,13.73,2.39,9.26,0.607,2,state_highway,631.5,30.8,25.2,MEDIUM
2.34,2.28,4.65,5.46,0.757,0,national_highway,1004.4,18.3,18.2,LOW
0.0,19.32,2.96,7.33,0.431,3,rural_hill_road,713.5,24.0,12.8,MEDIUM
15.82,23.17,2.92,2.02,0.442,4,rural_hill_road,2131.9,14.1,14.5,HIGH
0.0,2.37,3.99,8.62,0.523,0,national_highway,562.7,26.0,44.1,LOW
0.64,3.71,3.85,8.68,0.3,0,national_highway,1485.5,22.5,3.8,LOW
2.91,15.76,2.23,9.1,0.422,1,rural_hill_road,965.3,19.2,6.4,MEDIUM
0.0,11.89,3.25,7.0,0.682,2,state_highway,568.0,25.8,12.5,MEDIUM
6.71,4.33,3.06,4.59,0.716,1,state_highway,1304.6,21.7,2.6,LOW
0.0,1.38,3.55,11.67,0.597,3,national_highway,1385.9,22.0,6.6,LOW
0.0,6.0,5.0,11.11,0.433,1,national_highway,1403.0,18.2,17.0,LOW
0.0,16.33,3.24,8.2,0.494,3,state_highway,1689.1,19.2,16.1,MEDIUM
0.0,20.41,2.29,9.01,0.393,8,rural_hill_road,1447.5,19.1,6.8,HIGH
0.44,0.82,3.52,8.76,0.239,0,national_highway,1194.1,20.8,7.0,LOW
0.0,6.34,2.79,9.89,0.158,1,state_highway,1226.4,19.0,23.4,LOW
0.0,5.35,3.99,7.32,0.39,0,national_highway,744.2,22.6,7.9,LOW
7.77,11.73,1.5,3.31,0.592,0,state_highway,252.7,25.8,16.5,MEDIUM
0.0,9.82,2.85,10.13,0.122,0,state_highway,478.5,24.6,10.6,LOW
0.48,13.35,3.5,8.46,0.176,2,state_highway,508.0,26.9,6.8,LOW
0.0,16.94,2.0,9.01,0.223,2,rural_hill_road,1783.5,18.8,2.7,MEDIUM
0.0,16.5,4.05,7.38,0.369,4,state_highway,660.6,25.4,15.4,MEDIUM
0.0,3.61,3.64,7.19,0.296,1,state_highway,1608.0,18.6,16.0,LOW
0.0,11.2,3.87,8.05,0.472,2,national_highway,1128.2,21.7,9.7,LOW
0.0,8.57,2.97,10.48,0.779,0,state_highway,685.8,19.4,6.5,LOW
0.0,2.38,4.99,10.74,0.53,2,national_highway,232.5,27.0,5.1,LOW
0.1,17.55,3.94,9.54,0.333,1,state_highway,496.2,23.8,14.5,LOW
3.73,9.47,2.55,9.42,0.314,1,state_highway,1637.2,14.1,42.7,MEDIUM
1.33,6.55,3.77,7.79,0.775,1,state_highway,1331.2,17.4,3.8,LOW
0.0,20.0,3.68,7.32,0.902,0,rural_hill_road,917.9,20.6,5.0,MEDIUM
0.07,9.56,4.53,9.35,0.621,1,national_highway,678.1,28.9,3.2,LOW
0.0,10.76,3.67,6.92,0.046,1,state_highway,850.8,25.5,14.2,LOW
0.0,8.71,4.02,7.28,0.785,0,state_highway,985.8,20.2,18.4,LOW
8.54,2.21,4.19,1.6,0.56,1,national_highway,961.0,21.7,16.3,MEDIUM
0.0,4.7,1.96,8.6,0.269,2,state_highway,940.7,26.7,11.5,LOW
10.55,14.51,4.15,3.17,0.528,5,state_highway,788.3,24.0,19.3,HIGH
0.53,3.53,4.22,11.68,0.408,2,national_highway,676.5,23.9,17.6,LOW
0.0,7.87,3.96,8.7,0.154,1,national_highway,128.5,28.2,14.7,LOW
0.0,6.01,4.8,8.19,0.395,1,national_highway,1123.5,27.2,16.3,LOW
3.14,3.63,3.96,8.76,0.375,0,national_highway,1321.9,18.6,18.5,LOW
0.0,3.6,4.51,9.18,0.703,2,national_highway,745.4,24.8,17.4,LOW
0.0,10.75,4.01,8.23,0.491,1,state_highway,1259.6,18.5,17.5,LOW
4.39,10.72,2.99,5.33,0.472,2,national_highway,1021.1,16.7,19.6,MEDIUM
8.49,6.19,3.16,2.45,0.092,0,rural_hill_road,1422.8,20.6,15.5,HIGH
0.0,12.41,2.7,11.87,0.572,1,rural_hill_road,942.8,23.1,5.7,MEDIUM
2.14,3.36,3.32,7.26,0.398,1,state_highway,1009.7,20.0,11.7,LOW
9.65,14.81,1.73,3.08,0.428,5,rural_hill_road,2590.4,11.8,1.0,HIGH
8.09,7.74,3.61,3.99,0.726,2,national_highway,530.8,27.1,10.9,MEDIUM
0.0,9.03,3.79,2.96,0.288,0,state_highway,1291.5,20.0,6.4,LOW
1.35,9.19,3.9,8.04,0.173,0,national_highway,154.6,31.1,7.6,LOW
0.0,11.96,3.22,1.89,0.416,2,state_highway,1625.0,20.1,30.5,MEDIUM
13.37,13.23,4.46,4.44,0.472,2,state_highway,358.9,21.2,35.2,HIGH
2.84,6.8,3.1,8.02,0.751,0,state_highway,1346.8,21.1,12.9,MEDIUM
0.0,8.22,3.81,11.03,0.515,2,national_highway,156.8,23.7,9.5,LOW
1.27,15.8,2.57,1.48,0.617,2,rural_hill_road,1950.9,16.2,20.1,HIGH
27.45,22.99,1.98,2.12,0.455,5,rural_hill_road,1603.6,15.0,12.2,HIGH
0.0,5.33,4.13,2.29,0.183,1,national_highway,1313.3,24.6,6.6,LOW
0.0,11.45,1.57,9.2,0.295,4,rural_hill_road,1188.2,19.5,20.1,MEDIUM
0.0,15.67,3.94,9.94,0.511,1,state_highway,1008.3,25.2,6.5,LOW
0.0,4.7,3.07,8.17,0.333,0,state_highway,716.5,23.5,17.2,LOW
0.0,11.56,2.75,9.78,0.196,1,national_highway,373.9,28.6,13.1,LOW
0.0,15.23,4.38,9.02,0.562,1,state_highway,765.1,25.0,26.5,MEDIUM
6.84,8.31,3.99,2.62,0.833,0,state_highway,552.5,25.7,22.2,MEDIUM
4.38,7.26,2.53,8.06,0.596,1,state_highway,429.1,20.1,38.6,MEDIUM
3.51,9.77,3.51,9.13,0.695,0,national_highway,244.5,28.6,14.5,LOW
7.02,3.51,4.62,3.39,0.421,1,national_highway,875.3,22.8,33.5,LOW
0.0,16.23,3.4,6.42,0.253,5,state_highway,1027.0,27.6,34.9,MEDIUM
0.55,5.05,3.68,6.12,0.311,1,national_highway,1092.9,21.4,12.6,LOW
5.37,8.7,3.2,1.81,0.312,1,national_highway,536.6,31.5,6.4,MEDIUM
0.0,16.11,3.14,8.54,0.162,1,state_highway,280.3,29.4,15.0,MEDIUM
0.0,13.99,3.88,10.97,0.196,1,state_highway,1609.9,17.7,6.6,LOW
13.25,3.82,2.37,4.09,0.361,3,state_highway,1320.6,19.2,27.0,MEDIUM
0.0,1.68,3.36,5.74,0.713,1,national_highway,847.4,27.1,10.1,LOW
7.34,4.84,4.41,2.87,0.367,1,national_highway,1374.7,17.3,11.2,LOW
13.42,7.72,4.88,4.43,0.689,0,national_highway,853.2,26.3,11.0,MEDIUM
0.0,22.62,2.86,9.59,0.02,5,rural_hill_road,1885.1,24.2,20.2,HIGH
0.0,11.89,3.55,7.39,0.402,3,state_highway,1354.7,12.3,9.2,MEDIUM
0.0,11.89,3.32,2.23,0.31,2,rural_hill_road,2309.3,6.3,5.3,MEDIUM
0.0,3.39,5.0,8.24,0.727,0,national_highway,83.7,28.1,19.8,LOW
0.39,4.28,4.41,7.18,0.357,1,national_highway,784.9,23.0,9.7,LOW
11.62,16.15,2.08,3.58,0.395,6,state_highway,731.2,24.3,17.7,HIGH
0.0,12.41,2.95,8.44,0.315,5,state_highway,1618.0,19.9,20.6,MEDIUM
2.18,15.09,3.65,8.73,0.389,3,state_highway,605.4,19.0,12.9,MEDIUM
0.0,10.59,4.62,10.12,0.333,5,national_highway,1253.5,21.8,19.2,LOW
0.0,9.42,4.14,2.18,0.489,0,national_highway,1312.2,25.3,1.7,LOW
0.0,13.93,2.84,7.14,0.751,1,state_highway,439.5,28.8,6.7,MEDIUM
9.46,22.57,1.54,2.53,0.066,4,rural_hill_road,1331.1,22.0,2.4,HIGH
0.0,14.22,2.97,9.56,0.468,4,rural_hill_road,726.6,25.6,11.1,MEDIUM
0.0,4.57,4.17,8.42,0.787,2,national_highway,420.7,25.0,4.4,LOW
21.37,8.31,3.99,1.26,0.307,1,national_highway,704.4,27.6,13.9,HIGH
0.0,13.17,2.67,10.48,0.676,3,rural_hill_road,2247.0,8.6,18.3,MEDIUM
0.0,6.44,3.98,8.92,0.197,0,state_highway,1340.9,17.0,31.1,LOW
0.46,16.37,4.25,8.68,0.207,4,state_highway,224.2,23.5,4.0,MEDIUM
0.0,8.05,2.83,0.6,0.484,0,state_highway,1354.0,14.5,3.9,MEDIUM
6.07,11.21,4.28,4.72,0.5,1,national_highway,63.0,25.0,3.1,MEDIUM
3.93,2.82,5.0,5.11,0.472,1,national_highway,257.3,22.1,12.8,LOW
1.37,2.67,3.52,8.05,0.454,1,national_highway,129.9,26.8,1.9,LOW
7.57,16.78,3.85,1.6,0.274,2,state_highway,1526.2,24.4,21.1,MEDIUM
6.82,4.58,2.69,2.5,0.371,1,state_highway,1678.3,15.8,4.4,MEDIUM
0.0,2.57,2.81,10.88,0.585,0,national_highway,457.4,22.9,20.2,LOW
0.0,11.4,1.38,0.53,0.669,2,rural_hill_road,1890.1,22.4,23.6,HIGH
0.0,7.32,1.76,6.41,0.903,1,rural_hill_road,2059.6,11.9,9.2,MEDIUM
0.0,20.48,2.28,2.75,0.258,7,rural_hill_road,2205.0,9.4,11.4,HIGH
5.85,25.69,1.69,2.23,0.685,2,rural_hill_road,2054.2,18.4,2.2,HIGH
0.0,10.12,4.34,11.11,0.229,1,state_highway,599.2,18.7,6.9,LOW
0.0,13.62,4.8,4.66,0.523,1,state_highway,1101.9,22.6,19.4,MEDIUM
0.0,4.41,3.0,7.99,0.209,1,state_highway,260.7,30.3,10.7,LOW
0.0,5.06,4.58,8.31,0.342,2,national_highway,397.5,26.8,8.8,LOW
0.0,17.94,3.79,9.49,0.134,3,state_highway,1387.0,25.4,12.9,MEDIUM
0.0,2.35,4.23,10.26,0.452,3,national_highway,510.7,26.0,15.2,LOW
0.0,11.37,4.06,8.56,0.3,3,national_highway,383.1,21.7,9.2,LOW
0.0,7.91,4.46,0.9,0.468,2,national_highway,1278.2,23.4,16.5,MEDIUM
0.0,4.41,4.52,9.4,0.397,1,national_highway,1066.0,17.5,7.6,LOW
0.0,6.59,3.77,11.61,0.242,1,state_highway,1129.7,17.0,22.9,LOW
0.0,17.93,3.54,11.2,0.058,1,state_highway,1176.5,24.9,4.8,LOW
0.41,6.34,4.59,4.71,0.521,2,national_highway,480.2,27.1,1.6,LOW
4.39,2.13,2.44,11.41,0.313,2,state_highway,931.2,25.1,10.9,MEDIUM
4.23,2.37,3.68,7.02,0.825,1,national_highway,896.8,24.7,13.9,LOW
0.0,9.39,3.97,10.05,0.456,0,national_highway,544.3,32.0,19.2,LOW
0.0,4.17,3.87,10.23,0.626,2,national_highway,550.9,20.1,6.4,LOW
0.0,16.63,2.87,1.49,0.244,4,state_highway,1625.2,19.5,4.9,HIGH
1.87,2.15,4.22,2.13,0.415,2,state_highway,1552.4,21.3,34.8,LOW
0.0,2.8,2.38,1.73,0.309,1,state_highway,1599.3,16.7,23.5,LOW
0.0,20.86,3.69,1.95,0.685,2,rural_hill_road,2382.6,8.3,24.2,HIGH
3.44,23.73,2.15,7.68,0.487,0,rural_hill_road,1323.6,21.7,17.1,HIGH
0.0,3.1,4.05,12.0,0.569,0,national_highway,561.2,26.1,13.3,LOW
0.0,11.98,3.8,11.81,0.242,0,national_highway,741.9,25.1,17.1,LOW
0.0,7.47,3.67,10.33,0.714,2,national_highway,308.8,28.7,14.3,LOW
3.92,1.65,4.11,10.27,0.359,1,national_highway,658.5,25.0,10.8,LOW
4.94,11.24,3.23,6.36,0.611,0,rural_hill_road,977.7,24.6,8.9,MEDIUM
1.0,7.41,3.85,12.0,0.56,0,national_highway,608.2,24.1,27.4,LOW
5.24,3.54,2.16,2.93,0.732,1,state_highway,1677.2,16.4,25.3,MEDIUM
0.0,7.39,4.01,8.98,0.065,0,state_highway,946.6,22.2,7.4,LOW
0.0,1.72,3.05,9.12,0.355,1,national_highway,638.6,21.5,9.4,LOW
9.32,8.46,2.61,2.63,0.354,3,national_highway,821.1,24.1,1.6,MEDIUM
1.79,8.68,2.81,12.0,0.627,0,state_highway,1773.6,16.3,10.5,LOW
0.0,24.47,2.53,12.0,0.555,3,rural_hill_road,2371.7,8.4,15.0,HIGH
5.16,6.38,4.62,1.43,0.216,1,national_highway,226.6,29.8,20.8,LOW
0.0,0.71,3.65,8.11,0.095,1,national_highway,962.7,24.6,16.4,LOW
2.27,6.37,5.0,7.74,0.744,0,national_highway,1411.3,18.5,17.7,LOW
0.0,10.72,4.24,8.55,0.66,0,national_highway,289.8,30.2,17.2,LOW
20.34,6.37,4.09,0.76,0.378,0,state_highway,1047.8,29.0,20.8,HIGH
1.12,14.11,1.88,7.42,0.396,5,rural_hill_road,1375.7,17.3,12.9,MEDIUM
0.0,11.05,4.65,6.39,0.2,0,national_highway,965.2,17.4,11.8,LOW
0.0,4.67,3.42,7.19,0.562,1,national_highway,1082.1,25.1,20.3,LOW
11.97,13.8,2.64,2.14,0.555,2,state_highway,582.0,26.4,25.6,HIGH
0.0,6.5,3.35,8.74,0.683,1,national_highway,727.4,26.4,17.2,LOW
8.92,20.5,2.95,2.42,0.43,7,rural_hill_road,864.0,23.7,25.0,HIGH
0.0,7.11,3.93,8.87,0.607,1,national_highway,1426.3,19.5,11.3,LOW
0.0,5.27,3.71,6.24,0.326,0,national_highway,391.7,27.9,4.0,LOW
11.54,0.75,3.92,1.63,0.302,0,national_highway,274.7,29.0,7.9,MEDIUM
14.64,8.66,3.92,2.39,0.717,1,national_highway,1142.9,18.2,22.5,MEDIUM
0.0,16.61,2.74,12.0,0.139,2,state_highway,429.8,28.6,20.7,MEDIUM
0.0,9.89,3.05,7.9,0.488,1,state_highway,1478.9,19.9,34.2,MEDIUM
0.0,20.64,1.96,2.04,0.242,2,rural_hill_road,2043.1,19.6,36.8,HIGH
0.0,9.33,4.8,8.49,0.445,2,state_highway,1243.3,18.1,22.8,LOW
8.28,3.77,3.54,2.38,0.393,0,national_highway,161.7,22.4,22.7,MEDIUM
0.0,19.45,2.72,10.72,0.26,2,rural_hill_road,1636.5,26.0,12.7,HIGH
0.0,7.56,4.19,9.28,0.204,0,national_highway,493.0,25.9,7.1,LOW
0.0,2.37,3.06,6.56,0.545,1,state_highway,1593.1,21.8,19.4,LOW
0.0,17.77,3.37,10.88,0.452,4,rural_hill_road,797.6,22.8,29.5,MEDIUM
0.0,3.27,3.72,10.52,0.545,1,national_highway,128.2,25.9,10.0,LOW
13.17,7.24,3.32,4.12,0.102,1,state_highway,1380.9,15.7,6.0,MEDIUM
0.0,7.33,4.19,12.0,0.482,0,state_highway,1518.6,12.7,13.9,LOW
2.98,11.55,2.88,4.24,0.495,1,state_highway,381.2,26.3,7.8,MEDIUM
13.5,10.78,3.8,4.13,0.345,0,national_highway,1302.2,20.6,22.4,HIGH
7.05,3.87,3.9,3.93,0.208,0,national_highway,1274.9,19.6,14.8,LOW
0.0,14.51,2.72,9.28,0.289,3,state_highway,205.8,32.5,49.4,MEDIUM
0.0,14.82,3.86,10.97,0.509,2,state_highway,772.6,17.9,17.7,LOW
0.0,6.6,3.55,1.1,0.306,1,national_highway,1423.3,18.1,28.0,LOW
0.0,3.79,4.39,7.71,0.216,0,state_highway,800.1,26.6,2.1,LOW
18.97,3.15,3.27,1.56,0.569,0,national_highway,956.7,26.7,9.9,MEDIUM
3.22,13.79,3.07,8.73,0.61,3,state_highway,1196.9,20.9,21.3,MEDIUM
0.0,24.91,2.17,9.91,0.296,0,rural_hill_road,2208.5,14.5,27.7,MEDIUM
0.0,11.75,1.5,5.41,0.173,1,state_highway,1552.6,23.9,8.3,MEDIUM
0.0,10.39,4.15,8.97,0.029,1,national_highway,1387.5,24.6,30.6,LOW
1.09,15.14,2.02,1.4,0.127,0,rural_hill_road,2393.5,12.3,10.8,MEDIUM
0.0,4.16,4.79,10.92,0.491,0,national_highway,1265.5,22.1,32.3,LOW
0.0,1.24,2.48,7.47,0.327,1,national_highway,763.4,24.0,18.0,LOW
5.15,17.5,2.65,2.3,0.108,1,state_highway,1657.7,21.7,9.0,MEDIUM
0.0,2.28,3.47,9.97,0.599,1,state_highway,733.5,22.5,29.7,LOW
0.0,5.14,3.71,9.1,0.561,0,national_highway,1172.8,20.6,14.9,LOW
0.0,11.54,3.7,8.79,0.779,3,state_highway,220.8,31.6,12.7,MEDIUM
5.06,10.25,4.2,3.79,0.163,2,state_highway,1576.6,14.8,10.1,MEDIUM
0.0,10.04,3.31,11.31,0.42,4,national_highway,270.5,27.7,21.0,LOW
0.0,11.41,4.05,9.63,0.318,2,national_highway,1400.6,25.3,5.9,LOW
0.0,2.72,4.65,11.51,0.288,0,national_highway,231.5,26.5,8.8,LOW
25.51,4.07,5.0,2.17,0.47,1,national_highway,371.3,34.8,7.7,MEDIUM
0.0,2.63,3.04,7.16,0.323,0,state_highway,847.7,20.2,2.9,LOW
0.0,10.22,3.23,6.89,0.498,5,national_highway,1424.2,21.5,14.3,MEDIUM
0.0,3.55,2.02,7.53,0.729,2,state_highway,1026.1,22.0,11.7,MEDIUM
4.52,5.67,4.35,4.41,0.539,1,national_highway,739.5,17.9,7.8,LOW
0.0,10.8,3.36,4.98,0.349,0,national_highway,738.0,27.6,4.8,LOW
20.09,14.03,2.29,2.11,0.106,2,state_highway,951.4,22.9,15.3,HIGH
11.38,13.02,3.31,2.03,0.577,3,state_highway,1407.4,21.3,3.6,HIGH
12.64,16.3,2.17,2.91,0.474,4,rural_hill_road,1236.0,25.9,17.1,HIGH
34.83,6.51,3.38,1.84,0.265,0,state_highway,1746.7,16.8,3.0,HIGH
0.0,11.47,4.21,5.49,0.631,2,national_highway,1495.8,17.9,3.9,MEDIUM
0.0,16.09,4.8,8.79,0.503,1,state_highway,343.3,27.7,7.8,LOW
0.0,16.11,3.82,8.95,0.676,0,state_highway,1002.2,21.1,17.9,LOW
0.0,6.29,3.94,9.01,0.341,3,national_highway,379.7,28.5,17.2,LOW
6.13,13.52,3.24,2.05,0.309,4,state_highway,1303.5,22.9,21.1,MEDIUM
7.68,1.37,3.63,4.3,0.371,3,national_highway,283.0,30.8,24.3,LOW
0.0,15.68,3.59,10.09,0.618,1,state_highway,734.0,22.6,11.8,LOW
0.0,3.79,4.28,8.15,0.609,0,national_highway,1356.0,24.0,8.9,LOW
4.54,11.59,2.29,11.43,0.286,0,rural_hill_road,2264.8,13.3,15.1,HIGH
0.0,3.95,4.99,10.52,0.114,0,national_highway,342.8,22.7,17.5,LOW
0.0,4.05,4.44,7.64,0.385,4,national_highway,1053.4,18.4,7.1,LOW
6.12,9.16,3.21,2.97,0.499,0,national_highway,616.5,26.2,18.5,LOW
3.25,11.58,4.78,10.67,0.716,4,state_highway,807.7,19.9,15.8,MEDIUM
0.0,12.74,4.17,7.4,0.159,1,state_highway,1266.2,19.3,44.3,LOW
0.0,4.59,3.99,8.65,0.529,1,state_highway,1034.6,16.2,14.9,LOW
0.0,10.07,3.15,7.62,0.098,2,national_highway,1208.3,26.0,20.1,LOW
6.94,0.74,4.24,3.81,0.338,1,national_highway,296.7,23.8,23.1,LOW
7.31,0.89,3.73,2.43,0.487,2,national_highway,1495.4,19.7,17.2,MEDIUM
0.0,5.24,3.59,7.56,0.607,1,national_highway,1073.4,25.1,10.3,LOW
0.0,21.98,1.0,0.89,0.444,1,rural_hill_road,1767.2,22.9,23.2,HIGH
0.0,2.45,4.07,11.67,0.645,2,state_highway,476.1,24.5,17.2,LOW
0.74,9.21,2.64,12.0,0.499,0,state_highway,1726.1,21.5,22.1,LOW
0.0,11.32,2.77,0.87,0.587,1,national_highway,1426.6,17.5,8.9,MEDIUM
0.0,12.83,2.41,11.65,0.605,2,rural_hill_road,936.2,17.1,11.9,MEDIUM
0.0,3.68,4.57,11.59,0.259,0,national_highway,360.0,31.2,10.9,LOW
0.0,10.79,2.0,6.73,0.356,2,rural_hill_road,2233.0,10.3,14.0,MEDIUM
0.0,7.52,4.19,1.99,0.267,2,national_highway,1484.7,20.7,9.1,LOW
1.99,3.15,4.12,8.53,0.106,3,national_highway,642.2,30.7,13.4,LOW
1.79,9.06,2.7,8.86,0.052,1,rural_hill_road,1759.2,16.0,7.9,MEDIUM
0.0,3.89,4.26,10.96,0.168,0,national_highway,1031.2,18.2,14.0,LOW
3.69,1.46,5.0,12.0,0.397,1,national_highway,1142.0,25.0,11.5,LOW
0.0,8.9,4.54,8.63,0.264,0,national_highway,824.9,19.7,15.0,LOW
0.0,2.31,4.45,8.93,0.163,0,state_highway,777.7,25.9,10.2,LOW
5.9,3.58,3.94,4.26,0.211,1,national_highway,528.7,23.5,4.2,LOW
0.83,8.88,4.67,9.52,0.141,1,national_highway,1328.1,17.5,16.3,LOW
4.18,2.29,4.4,0.46,0.596,0,state_highway,1659.8,12.3,15.8,MEDIUM
0.0,5.17,3.5,7.57,0.255,3,state_highway,918.6,27.3,19.2,LOW
0.0,16.48,3.17,6.96,0.405,1,state_highway,487.3,28.3,18.4,LOW
0.99,6.05,3.87,7.85,0.54,1,national_highway,924.5,26.2,11.7,LOW
15.12,1.77,3.88,1.5,0.581,3,national_highway,1383.0,18.1,11.7,MEDIUM
0.0,7.04,5.0,7.7,0.34,0,national_highway,571.8,19.9,10.0,LOW
0.0,17.97,1.48,9.48,0.281,3,rural_hill_road,963.4,22.1,15.2,MEDIUM
0.0,6.97,4.48,11.39,0.068,6,national_highway,324.9,30.3,16.8,LOW
12.64,1.06,4.08,2.39,0.535,0,national_highway,168.6,29.4,18.1,MEDIUM
7.53,5.99,4.24,1.91,0.441,0,national_highway,82.7,34.1,13.6,LOW
0.0,2.14,2.16,9.56,0.398,0,state_highway,307.0,27.0,13.6,LOW
0.0,9.14,4.1,0.81,0.14,1,national_highway,1455.0,18.9,8.4,LOW
0.0,1.44,4.54,11.55,0.568,2,national_highway,1342.9,15.5,22.4,LOW
0.0,9.02,3.61,5.57,0.6,1,national_highway,1398.8,16.9,17.8,LOW
4.7,4.03,4.58,9.21,0.345,0,national_highway,1357.8,20.0,8.0,LOW
7.76,21.14,2.5,4.66,0.789,1,rural_hill_road,1032.9,19.3,12.9,HIGH
2.6,11.14,3.16,4.18,0.583,0,rural_hill_road,751.8,28.0,2.8,MEDIUM
0.0,7.84,3.74,8.26,0.165,2,state_highway,301.2,28.3,25.9,LOW
1.51,10.37,3.05,8.46,0.739,1,state_highway,1774.3,21.5,17.1,MEDIUM
19.63,10.89,3.8,1.84,0.732,1,national_highway,1263.8,20.0,4.2,HIGH
0.0,17.77,1.78,8.8,0.787,1,rural_hill_road,760.0,23.9,11.4,MEDIUM
0.0,9.45,3.25,5.11,0.265,1,national_highway,1499.5,16.3,26.9,LOW
2.71,1.02,4.15,7.8,0.369,2,national_highway,822.4,26.3,36.0,LOW
8.86,11.55,2.49,2.98,0.608,1,state_highway,491.7,20.1,12.5,HIGH
0.0,15.81,2.66,9.31,0.297,1,state_highway,1320.5,24.6,3.9,MEDIUM
0.0,7.24,4.54,0.54,0.495,1,national_highway,1207.2,22.0,33.9,MEDIUM
9.45,3.86,3.01,4.57,0.484,0,national_highway,1095.4,16.6,24.9,MEDIUM
0.0,9.37,4.89,0.4,0.491,1,national_highway,1235.7,23.2,42.5,MEDIUM
2.05,12.91,3.2,2.04,0.66,4,state_highway,1661.7,19.7,12.6,HIGH
0.0,11.46,3.94,7.85,0.493,2,national_highway,414.4,29.0,31.0,LOW
11.32,9.03,3.16,2.62,0.121,2,national_highway,1048.5,24.8,11.2,MEDIUM
6.25,4.81,5.0,4.23,0.179,1,national_highway,114.0,26.6,32.0,LOW
0.0,24.79,3.0,8.88,0.121,1,rural_hill_road,2573.0,12.6,28.5,HIGH
0.0,23.71,2.27,5.37,0.264,1,rural_hill_road,1009.4,23.9,16.9,HIGH
0.0,21.57,3.08,7.51,0.593,2,rural_hill_road,1222.3,22.9,9.9,HIGH
0.0,11.98,3.99,8.28,0.148,3,state_highway,589.9,19.8,16.6,LOW
0.0,12.88,1.94,8.57,0.174,1,rural_hill_road,856.4,23.5,9.6,MEDIUM
1.99,9.45,4.02,2.9,0.586,0,national_highway,1434.1,19.9,25.6,LOW
0.0,7.86,4.11,10.18,0.255,1,national_highway,309.0,25.6,10.3,LOW
8.98,9.79,2.72,2.7,0.212,1,state_highway,1115.9,24.2,3.5,MEDIUM
0.0,23.18,3.26,4.28,0.506,1,rural_hill_road,790.2,25.7,10.5,MEDIUM
0.0,5.68,2.66,9.16,0.336,0,state_highway,621.7,20.9,22.3,LOW
1.11,11.6,4.0,9.59,0.13,2,rural_hill_road,1614.1,23.6,22.0,MEDIUM
0.0,4.65,4.33,6.52,0.363,2,national_highway,660.3,29.5,9.4,LOW
0.37,7.25,2.07,7.45,0.234,1,rural_hill_road,2017.4,14.5,18.9,MEDIUM
0.0,6.77,4.48,8.84,0.108,1,national_highway,1413.6,20.7,19.2,LOW
0.0,8.81,4.31,7.84,0.519,0,national_highway,1247.0,19.1,12.9,LOW
0.0,3.73,4.07,11.42,0.096,2,national_highway,1279.6,19.9,5.0,LOW
0.0,5.28,4.65,1.62,0.539,2,state_highway,1243.9,26.8,5.2,MEDIUM
0.0,17.22,2.93,5.74,0.802,0,state_highway,1768.1,13.9,4.8,MEDIUM
0.85,16.33,3.49,9.3,0.378,1,state_highway,1667.9,19.3,2.8,MEDIUM
0.0,24.32,3.11,10.71,0.535,1,rural_hill_road,776.3,27.5,18.2,MEDIUM
0.0,3.29,4.1,8.07,0.362,1,national_highway,1011.4,22.3,4.8,LOW
0.61,6.87,3.61,11.42,0.456,2,national_highway,996.2,18.6,14.7,LOW
0.0,1.08,5.0,11.47,0.566,0,national_highway,90.2,29.0,2.4,LOW
0.0,2.52,4.25,6.82,0.293,3,national_highway,398.8,27.6,24.5,LOW
7.83,11.59,4.05,3.34,0.614,2,national_highway,545.8,28.5,15.7,LOW
0.0,2.59,4.25,11.17,0.106,0,state_highway,1472.9,25.7,19.7,LOW
2.95,11.45,4.34,6.63,0.628,4,national_highway,1464.9,16.6,10.4,MEDIUM
0.0,12.3,1.93,9.88,0.705,3,rural_hill_road,2370.6,14.4,12.1,HIGH
0.0,17.84,2.49,6.79,0.474,2,rural_hill_road,1860.5,21.3,10.3,MEDIUM
0.16,15.53,2.81,2.04,0.295,0,rural_hill_road,2111.8,16.1,28.5,HIGH
31.14,1.46,3.19,1.49,0.075,1,national_highway,99.0,29.3,6.3,MEDIUM
0.0,6.98,3.37,10.89,0.663,2,national_highway,1178.7,20.8,13.0,LOW
0.0,17.61,2.72,5.84,0.444,2,state_highway,1130.2,22.5,23.5,MEDIUM
2.97,5.85,4.8,8.65,0.232,1,state_highway,1704.9,19.5,18.5,LOW
0.0,9.55,4.8,10.84,0.162,1,state_highway,295.5,29.5,7.7,LOW
26.32,16.1,2.92,2.02,0.475,5,state_highway,1406.1,15.6,2.1,HIGH
10.79,5.15,3.22,4.99,0.505,0,state_highway,927.2,23.4,16.4,MEDIUM
0.0,8.96,4.71,4.33,0.521,0,national_highway,1089.9,19.3,7.4,LOW
0.0,4.97,3.59,11.7,0.232,1,national_highway,196.6,31.8,27.7,LOW
0.0,9.64,1.53,8.91,0.36,2,rural_hill_road,1579.4,14.5,21.7,MEDIUM
0.0,22.85,1.9,2.47,0.417,2,rural_hill_road,2441.3,20.1,21.8,HIGH
0.0,9.22,3.09,10.02,0.294,0,state_highway,896.4,21.4,12.8,LOW
19.59,19.4,1.46,2.03,0.258,1,rural_hill_road,2513.5,11.5,6.8,HIGH
0.0,16.64,4.42,1.81,0.183,3,state_highway,1296.3,18.6,5.5,MEDIUM
6.76,13.04,3.31,4.04,0.668,2,state_highway,455.1,22.9,18.7,MEDIUM
15.21,25.41,1.66,1.68,0.538,1,rural_hill_road,886.8,25.8,18.1,HIGH
2.0,18.68,3.26,9.23,0.105,1,rural_hill_road,2172.5,12.4,9.1,HIGH
0.0,11.75,4.25,10.64,0.414,3,state_highway,897.0,24.0,15.5,MEDIUM
7.95,1.93,4.71,2.32,0.572,0,national_highway,1176.8,25.5,5.5,LOW
0.58,9.56,4.77,1.46,0.432,3,national_highway,1356.7,17.7,29.2,LOW
5.14,2.45,3.4,3.72,0.333,1,national_highway,685.6,23.5,14.8,LOW
0.0,3.97,3.57,5.77,0.386,0,national_highway,903.3,29.6,4.9,LOW
0.0,14.98,1.91,6.65,0.546,2,rural_hill_road,1258.6,14.3,5.1,MEDIUM
0.0,1.19,2.7,1.95,0.44,0,national_highway,1274.8,24.8,5.9,LOW
0.0,8.42,3.92,8.11,0.47,0,state_highway,293.7,29.1,8.0,LOW
0.0,10.26,2.95,9.01,0.352,1,state_highway,650.0,22.5,20.8,LOW
9.9,7.99,4.96,1.68,0.379,0,national_highway,350.2,23.4,4.6,MEDIUM
10.4,6.58,2.08,4.19,0.716,3,rural_hill_road,1479.6,21.8,17.8,HIGH
0.0,10.91,4.35,5.64,0.676,1,national_highway,576.1,22.2,57.2,MEDIUM
9.7,5.1,4.1,3.12,0.633,0,national_highway,623.3,29.1,18.8,MEDIUM
0.0,5.24,4.13,11.02,0.734,1,national_highway,576.7,27.5,9.9,LOW
0.0,12.5,3.67,9.46,0.315,4,state_highway,833.2,26.9,6.7,MEDIUM
0.0,0.64,3.68,7.99,0.33,1,national_highway,354.6,26.6,15.5,LOW
0.0,6.17,4.19,1.42,0.354,1,state_highway,1638.8,15.5,16.7,MEDIUM
3.12,15.1,2.72,10.52,0.555,4,rural_hill_road,1664.0,19.1,21.6,HIGH
1.33,5.82,3.19,12.0,0.69,0,national_highway,1124.2,18.9,7.8,LOW
7.08,8.88,3.8,1.51,0.417,1,national_highway,567.7,28.2,12.7,LOW
0.0,7.1,2.78,3.8,0.496,0,state_highway,1137.8,23.0,11.4,LOW
1.55,8.92,3.43,1.7,0.373,0,state_highway,1696.6,15.2,8.4,MEDIUM
1.48,11.62,4.51,9.05,0.254,0,national_highway,785.7,23.2,19.3,LOW
0.0,3.78,2.6,1.6,0.667,0,state_highway,1764.5,13.3,16.2,MEDIUM
0.0,1.34,4.28,9.69,0.382,0,national_highway,250.3,26.8,3.3,LOW
0.0,11.41,4.74,8.03,0.739,1,national_highway,732.9,24.1,15.2,LOW
4.16,12.7,2.37,2.97,0.251,4,state_highway,1750.0,18.5,10.1,HIGH
1.04,8.43,5.0,9.49,0.657,1,national_highway,269.4,27.9,5.3,LOW
0.0,6.75,3.69,1.89,0.622,0,national_highway,1241.7,25.0,19.9,LOW
0.0,5.54,3.78,7.94,0.328,1,national_highway,867.4,27.9,28.6,LOW
0.68,11.36,3.36,8.82,0.322,2,state_highway,1426.8,26.3,12.9,LOW
0.0,6.15,3.99,6.0,0.7,1,national_highway,655.1,27.5,14.2,LOW
0.0,7.12,3.94,2.23,0.268,2,national_highway,1372.3,23.6,18.9,LOW
5.15,16.4,3.35,4.08,0.323,6,state_highway,521.2,24.8,6.9,MEDIUM
0.03,11.4,4.38,10.93,0.354,2,national_highway,141.0,29.2,21.3,LOW
0.0,10.39,4.06,1.21,0.25,2,state_highway,1603.9,13.7,30.4,MEDIUM
0.0,7.88,4.51,9.61,0.232,3,national_highway,1120.3,26.5,12.6,LOW
0.0,12.75,3.05,5.53,0.441,1,rural_hill_road,784.3,20.6,53.0,MEDIUM
0.0,9.62,2.05,12.0,0.343,1,state_highway,353.3,23.4,7.4,LOW
0.0,14.45,2.45,7.56,0.36,4,rural_hill_road,2566.9,12.7,9.4,MEDIUM
0.0,25.3,3.51,6.56,0.194,0,rural_hill_road,1969.0,15.2,20.3,MEDIUM
0.69,14.04,4.8,6.36,0.314,0,state_highway,1789.9,18.1,2.0,LOW
0.0,10.66,3.25,6.43,0.231,2,state_highway,756.9,25.9,12.9,MEDIUM
0.0,24.22,2.27,5.64,0.294,4,rural_hill_road,1578.1,19.3,17.4,HIGH
3.42,17.21,2.36,8.57,0.294,1,state_highway,1071.7,20.2,10.1,MEDIUM
5.41,6.58,4.8,4.35,0.278,1,state_highway,957.0,17.9,27.4,LOW
0.0,18.72,3.46,8.43,0.684,4,rural_hill_road,727.4,26.2,15.9,MEDIUM
1.67,12.81,2.37,9.39,0.321,4,rural_hill_road,2065.1,17.6,31.8,HIGH
0.0,6.8,2.2,5.58,0.402,1,rural_hill_road,2551.5,23.2,8.0,MEDIUM
0.0,8.36,3.89,8.09,0.403,1,state_highway,1106.6,19.6,10.5,LOW
0.0,6.35,3.53,6.34,0.534,1,national_highway,1243.0,17.6,10.2,LOW
0.46,4.06,3.62,6.93,0.158,0,national_highway,122.7,31.4,7.3,LOW
2.03,7.51,4.97,6.28,0.131,0,national_highway,534.7,26.3,2.0,LOW
0.0,2.39,4.0,4.67,0.231,0,national_highway,827.8,22.9,17.9,LOW
0.0,17.49,3.25,6.69,0.864,2,rural_hill_road,1281.0,20.6,7.0,MEDIUM
0.0,8.06,2.39,9.52,0.684,0,state_highway,1488.8,22.6,20.2,LOW
0.0,7.25,4.77,6.22,0.395,0,national_highway,483.7,30.8,11.5,LOW
0.0,11.48,3.64,8.3,0.448,1,state_highway,727.6,27.0,8.9,LOW
0.0,6.91,1.87,2.61,0.207,2,rural_hill_road,1502.9,19.4,34.5,MEDIUM
0.0,2.37,3.9,0.73,0.461,1,national_highway,1311.5,23.1,26.2,LOW
0.94,11.86,4.36,8.89,0.67,1,national_highway,892.6,17.2,9.7,LOW
0.0,10.72,2.65,5.49,0.476,1,state_highway,482.9,28.6,22.6,LOW
3.95,1.03,4.5,4.97,0.339,1,national_highway,480.9,25.4,8.1,LOW
0.0,9.57,4.26,4.63,0.176,0,national_highway,1335.6,19.9,49.0,LOW
0.0,10.57,3.17,8.36,0.073,5,national_highway,362.7,19.9,19.8,MEDIUM
3.3,2.73,3.61,9.89,0.282,0,national_highway,1003.3,18.0,6.0,LOW
0.0,12.97,2.76,8.4,0.102,1,state_highway,1217.2,25.2,16.3,MEDIUM
0.0,2.61,4.23,7.01,0.073,0,national_highway,373.3,25.2,4.1,LOW
0.38,11.57,3.95,6.3,0.031,2,national_highway,359.1,29.4,12.8,LOW
0.0,2.93,2.6,7.06,0.434,0,state_highway,1013.9,24.5,13.4,LOW
0.0,11.34,4.41,8.51,0.669,1,national_highway,548.9,19.9,12.7,LOW
0.0,1.67,4.07,6.86,0.096,1,national_highway,218.9,31.9,11.4,LOW
0.0,7.56,3.81,8.76,0.499,1,national_highway,406.0,30.2,7.8,LOW
0.0,11.42,3.71,5.37,0.696,3,national_highway,864.7,26.5,28.4,LOW
6.74,3.83,3.71,4.15,0.47,0,state_highway,1371.9,17.9,21.4,LOW
0.0,1.72,3.21,9.49,0.207,3,national_highway,245.8,27.0,18.1,LOW
0.0,14.63,3.37,8.66,0.434,3,state_highway,1632.2,19.3,1.3,MEDIUM
0.0,6.71,2.47,2.59,0.499,1,rural_hill_road,1547.2,20.0,34.9,MEDIUM
0.0,9.61,3.98,1.99,0.352,2,national_highway,1432.0,19.2,7.3,LOW
0.0,23.01,2.29,9.18,0.111,1,rural_hill_road,1021.1,23.5,12.6,MEDIUM
2.89,9.29,3.36,8.78,0.086,0,national_highway,1445.0,20.0,1.2,LOW
17.36,17.14,2.32,2.11,0.764,6,rural_hill_road,2061.9,17.8,8.1,HIGH
0.0,2.81,2.35,8.37,0.469,1,state_highway,1345.8,19.0,33.3,LOW
0.0,6.91,3.06,6.55,0.156,3,national_highway,540.7,24.9,16.7,LOW
0.0,2.02,2.11,0.64,0.863,0,state_highway,1599.1,19.2,8.8,MEDIUM
5.93,1.83,4.26,2.83,0.286,0,national_highway,990.5,17.7,29.0,LOW
8.27,14.41,4.26,2.1,0.657,5,state_highway,513.4,28.3,29.8,HIGH
0.0,21.78,2.14,7.7,0.567,2,rural_hill_road,825.4,26.5,22.0,HIGH
13.76,7.17,3.89,2.64,0.106,0,national_highway,95.2,24.6,14.7,MEDIUM
0.0,20.83,3.2,9.74,0.562,2,rural_hill_road,1708.2,24.7,18.5,MEDIUM
10.65,9.92,3.2,2.34,0.327,3,national_highway,418.4,28.3,30.3,MEDIUM
0.0,3.31,4.28,7.98,0.618,1,national_highway,931.8,26.2,4.6,LOW
0.0,5.64,2.02,9.5,0.156,2,rural_hill_road,1189.6,19.6,23.3,LOW
0.0,13.4,2.13,1.78,0.787,3,state_highway,1278.2,22.0,20.2,HIGH
18.53,9.86,2.58,0.81,0.375,1,national_highway,1102.2,19.7,23.4,HIGH
0.0,4.36,3.76,7.16,0.471,1,state_highway,254.6,24.7,15.8,LOW
0.0,8.01,4.73,6.4,0.072,2,national_highway,587.0,23.5,12.3,LOW
0.0,4.36,3.27,9.54,0.591,1,state_highway,263.6,35.0,9.4,LOW
8.21,5.12,4.71,4.75,0.625,1,national_highway,1205.4,13.7,23.3,MEDIUM
29.27,12.49,2.7,2.46,0.82,1,rural_hill_road,1085.0,18.9,10.9,HIGH
0.0,13.24,1.99,7.99,0.192,3,rural_hill_road,813.4,26.6,11.6,MEDIUM
5.08,6.19,4.22,3.17,0.455,0,national_highway,1134.2,23.3,12.0,LOW
1.47,7.71,4.76,12.0,0.183,0,national_highway,825.4,17.3,2.5,LOW
0.0,2.16,3.24,9.96,0.164,0,state_highway,1699.8,16.5,10.7,LOW
13.94,3.67,3.07,3.92,0.378,0,national_highway,291.7,25.5,6.8,LOW
0.0,8.75,3.56,8.61,0.677,0,state_highway,1784.3,18.0,19.4,LOW
0.0,3.67,2.39,7.35,0.225,1,national_highway,934.1,19.4,20.7,LOW
2.5,11.5,3.63,9.15,0.541,5,state_highway,635.1,19.9,26.6,MEDIUM
0.13,6.93,3.67,5.61,0.097,1,national_highway,234.6,26.7,29.1,LOW
0.0,8.73,2.71,7.31,0.387,0,rural_hill_road,2522.6,12.7,13.3,MEDIUM
0.0,8.44,3.82,8.72,0.458,1,national_highway,1149.4,24.8,13.9,LOW
4.0,10.89,2.56,2.26,0.422,4,rural_hill_road,1353.9,25.0,6.3,HIGH
0.0,5.19,4.66,7.64,0.495,1,state_highway,1265.3,16.9,8.3,LOW
0.0,25.65,2.99,9.29,0.566,3,rural_hill_road,2390.5,14.0,31.2,HIGH
0.0,8.53,3.84,6.97,0.201,3,state_highway,960.7,22.6,24.4,LOW
0.0,14.26,4.05,1.12,0.237,2,state_highway,1252.4,18.6,16.0,MEDIUM
6.46,7.8,4.13,4.02,0.115,1,national_highway,761.8,19.5,18.8,LOW
0.0,0.57,3.56,9.76,0.342,0,national_highway,869.8,22.0,7.8,LOW
6.14,11.1,3.51,1.65,0.674,1,state_highway,842.0,20.2,22.2,MEDIUM
15.86,11.88,2.94,1.93,0.061,2,state_highway,990.5,22.1,16.2,HIGH
0.0,15.13,2.15,9.79,0.173,4,state_highway,629.2,22.4,14.1,LOW
0.0,14.53,2.22,10.3,0.296,0,rural_hill_road,1892.8,17.0,6.9,MEDIUM
0.0,15.32,1.9,5.13,0.26,2,rural_hill_road,1654.6,21.1,1.9,MEDIUM
19.26,1.06,4.82,1.7,0.519,0,national_highway,332.9,29.5,17.0,MEDIUM
0.42,6.43,3.8,8.89,0.673,0,national_highway,1363.0,21.2,24.0,LOW
5.78,6.48,3.21,3.85,0.462,1,state_highway,365.5,25.0,15.7,LOW
5.75,12.2,2.83,3.46,0.481,2,state_highway,739.0,24.2,2.2,MEDIUM
1.7,11.47,4.16,7.51,0.13,4,national_highway,338.2,34.0,4.0,LOW
1.75,7.69,3.13,5.63,0.299,0,state_highway,1624.1,18.9,21.4,LOW
4.83,7.76,4.2,10.96,0.068,1,national_highway,74.0,21.1,13.4,LOW
0.0,1.63,4.5,8.44,0.503,0,national_highway,468.2,25.1,16.1,LOW
0.0,2.05,4.62,7.36,0.507,2,state_highway,1575.8,22.0,39.5,LOW
13.03,20.1,3.56,3.97,0.672,8,rural_hill_road,916.9,17.9,6.9,HIGH
0.0,24.11,2.81,6.47,0.22,2,rural_hill_road,1785.5,16.5,12.7,MEDIUM
3.6,7.84,3.91,7.23,0.38,2,national_highway,1031.8,18.8,27.6,LOW
0.0,6.22,3.71,10.13,0.411,2,national_highway,1166.1,18.9,12.1,LOW
5.83,4.83,3.99,2.08,0.351,1,national_highway,409.0,26.0,5.4,LOW
0.0,8.62,3.56,8.64,0.109,1,national_highway,895.2,18.9,16.2,LOW
0.0,10.4,4.0,1.26,0.26,2,rural_hill_road,2106.5,16.0,20.1,MEDIUM
0.0,15.07,2.8,6.3,0.645,4,state_highway,611.9,23.7,46.6,MEDIUM
0.0,4.98,3.48,7.75,0.151,0,state_highway,1122.2,16.6,7.3,LOW
0.0,1.2,3.78,8.32,0.323,1,national_highway,176.1,24.6,7.6,LOW
1.79,8.3,4.52,7.01,0.824,1,national_highway,476.5,25.6,16.1,LOW
31.59,14.84,4.01,0.95,0.664,4,state_highway,816.0,26.9,15.3,HIGH
0.0,8.34,3.64,5.22,0.272,1,state_highway,1583.5,17.5,43.1,MEDIUM
0.0,11.44,3.39,8.57,0.153,3,national_highway,663.6,28.1,14.4,LOW
0.0,8.66,3.39,10.0,0.451,0,state_highway,535.8,32.0,3.7,LOW
4.78,17.58,1.83,1.28,0.366,4,rural_hill_road,1277.1,20.0,12.3,HIGH
4.12,5.35,4.59,9.77,0.304,0,national_highway,316.9,23.9,31.7,LOW
0.01,1.53,3.85,10.12,0.745,0,national_highway,1218.3,16.4,20.0,LOW
0.0,6.59,3.31,10.23,0.065,0,national_highway,166.6,33.3,28.7,LOW
9.08,11.72,4.35,1.96,0.242,2,state_highway,745.9,21.2,18.1,HIGH
1.8,12.07,3.13,5.32,0.172,3,state_highway,394.8,25.3,35.2,MEDIUM
6.04,3.49,4.17,2.16,0.26,0,national_highway,363.3,23.1,14.6,LOW
2.5,7.11,3.32,4.35,0.133,0,state_highway,709.7,26.6,7.3,LOW
0.8,25.96,2.33,2.54,0.432,5,rural_hill_road,1845.0,15.5,29.4,HIGH
0.0,2.86,3.11,9.06,0.114,0,state_highway,647.4,23.9,22.5,LOW
0.0,6.0,3.51,8.37,0.041,0,national_highway,506.7,25.4,10.7,LOW
1.62,19.79,3.41,2.7,0.422,4,rural_hill_road,2201.6,15.0,16.4,HIGH
0.73,6.04,4.98,8.02,0.215,0,national_highway,1288.2,26.1,16.5,LOW
0.0,19.75,3.03,0.85,0.361,2,rural_hill_road,2554.2,10.7,30.8,HIGH
2.39,7.25,4.78,6.69,0.314,1,state_highway,659.9,22.2,10.1,LOW
0.0,2.69,3.77,2.49,0.524,0,state_highway,1361.4,22.1,1.4,LOW
0.0,10.79,3.93,7.73,0.33,1,national_highway,597.4,20.5,8.5,LOW
0.0,7.76,4.47,4.62,0.509,0,national_highway,773.9,23.6,4.5,LOW
0.0,1.61,3.14,9.92,0.458,0,national_highway,865.6,20.3,16.3,LOW
0.0,4.4,3.15,6.15,0.2,1,national_highway,1250.2,17.6,15.4,LOW
15.06,5.29,2.38,1.4,0.133,1,state_highway,1516.0,15.3,27.8,HIGH
0.0,8.67,3.51,10.37,0.324,1,state_highway,1014.8,24.7,10.2,LOW
0.0,6.19,4.49,12.0,0.729,0,national_highway,446.8,21.7,24.7,LOW
5.74,15.51,2.94,4.79,0.301,3,state_highway,715.5,23.3,13.8,MEDIUM
0.0,9.28,3.14,0.4,0.555,0,state_highway,1562.0,22.2,9.0,MEDIUM
0.0,13.66,3.29,0.89,0.524,2,state_highway,1522.3,22.6,1.8,MEDIUM
2.52,17.79,3.0,11.85,0.595,1,state_highway,869.8,18.9,11.0,MEDIUM
5.2,7.76,2.76,2.01,0.281,4,rural_hill_road,1918.1,19.1,10.0,HIGH
4.13,12.15,3.1,6.95,0.182,1,state_highway,356.0,25.3,10.4,MEDIUM
9.94,10.27,2.9,4.58,0.454,4,national_highway,1475.0,25.0,10.6,HIGH
20.0,1.16,4.68,0.44,0.192,3,national_highway,558.3,28.8,11.8,MEDIUM
0.0,2.71,4.93,6.8,0.593,2,national_highway,616.6,24.5,9.6,LOW
0.0,2.84,2.72,8.19,0.612,2,national_highway,147.2,26.9,8.0,LOW
0.71,0.81,3.47,7.87,0.547,0,national_highway,912.8,18.5,15.3,LOW
1.09,7.27,2.05,6.71,0.51,0,state_highway,345.9,22.3,32.2,MEDIUM
1.86,10.39,1.18,8.09,0.04,2,rural_hill_road,1045.8,25.8,8.6,MEDIUM
0.0,11.74,4.95,7.08,0.364,2,national_highway,692.6,20.6,14.7,LOW
0.0,25.09,1.9,12.0,0.492,1,rural_hill_road,1698.3,17.6,11.8,HIGH
13.14,3.73,5.0,4.72,0.665,1,national_highway,67.7,29.2,10.8,LOW
0.0,8.6,4.3,9.5,0.562,1,state_highway,1091.8,22.7,9.6,LOW
2.48,10.54,3.85,8.02,0.097,2,national_highway,1153.1,16.8,17.1,MEDIUM
0.0,6.51,2.84,2.19,0.573,0,national_highway,1496.3,20.3,5.1,LOW
9.26,13.1,4.4,1.93,0.605,3,state_highway,503.2,25.5,20.7,HIGH
1.21,9.63,4.28,9.52,0.342,0,national_highway,985.8,29.0,32.3,LOW
0.0,9.96,5.0,9.62,0.462,1,national_highway,939.0,23.9,2.4,LOW
0.0,5.01,4.85,10.34,0.275,2,national_highway,1171.5,21.6,28.9,LOW
0.0,0.94,4.54,7.74,0.527,1,national_highway,938.5,22.5,18.7,LOW
0.0,11.73,4.3,5.55,0.258,1,national_highway,571.5,25.3,16.5,LOW
3.83,9.61,2.74,7.09,0.041,0,state_highway,388.9,31.9,8.6,LOW
0.0,9.4,4.72,6.18,0.524,1,national_highway,1208.2,27.3,27.7,LOW
33.48,10.79,2.16,0.89,0.595,3,rural_hill_road,767.1,26.2,6.4,HIGH
4.11,23.08,2.05,10.62,0.115,3,rural_hill_road,1238.4,14.8,14.1,HIGH
2.25,24.57,2.34,8.73,0.452,0,rural_hill_road,1476.6,19.0,40.0,HIGH
0.0,15.57,1.57,7.32,0.529,1,rural_hill_road,1518.6,20.2,15.9,MEDIUM
5.83,15.44,3.86,2.45,0.211,1,state_highway,1407.2,15.4,8.8,MEDIUM
4.39,9.57,3.47,2.8,0.39,1,state_highway,1068.6,22.3,15.7,MEDIUM
4.16,7.21,2.44,8.33,0.519,1,rural_hill_road,1450.8,20.7,6.7,MEDIUM
0.0,6.29,3.0,10.91,0.359,2,state_highway,357.0,27.7,33.0,LOW
20.37,17.14,2.23,0.53,0.511,4,state_highway,390.7,28.2,7.5,HIGH
7.7,3.89,4.7,2.6,0.298,1,national_highway,1498.8,22.7,7.1,LOW
0.0,7.34,3.48,3.93,0.517,0,national_highway,412.2,23.7,17.7,LOW
0.0,15.55,1.89,2.57,0.338,1,rural_hill_road,1480.5,12.2,14.4,MEDIUM
2.5,24.14,3.31,8.59,0.49,3,rural_hill_road,2545.4,13.2,21.6,HIGH
10.3,11.22,3.66,3.99,0.421,1,national_highway,609.2,27.0,16.0,MEDIUM
0.0,10.48,3.85,6.54,0.508,1,national_highway,595.7,25.5,23.1,LOW
0.0,14.32,4.2,7.0,0.732,0,state_highway,1625.3,16.6,17.7,MEDIUM
0.0,13.66,3.41,3.12,0.262,1,state_highway,1379.0,23.7,18.6,MEDIUM
0.0,7.67,5.0,10.88,0.279,1,national_highway,488.6,25.3,13.1,LOW
0.19,13.28,2.97,9.22,0.054,4,state_highway,1601.6,18.3,14.9,MEDIUM
9.15,10.72,3.54,4.02,0.117,1,national_highway,350.1,31.6,16.0,MEDIUM
11.43,4.0,3.09,2.65,0.592,1,state_highway,211.7,23.8,3.1,MEDIUM
0.0,6.08,2.34,7.19,0.422,4,rural_hill_road,2301.8,12.3,6.9,MEDIUM
0.0,2.12,4.02,3.1,0.116,2,national_highway,1147.7,22.5,8.9,LOW
0.0,9.8,5.0,10.92,0.679,1,national_highway,841.7,25.3,30.7,LOW
0.0,16.38,2.21,1.31,0.402,4,rural_hill_road,1517.0,14.4,31.4,HIGH
3.02,12.51,2.44,9.45,0.292,2,state_highway,1102.8,23.7,15.5,MEDIUM
1.28,7.56,3.18,1.2,0.473,1,rural_hill_road,1770.7,17.0,7.8,MEDIUM
0.0,15.28,3.29,2.67,0.325,0,state_highway,1450.1,24.3,12.3,MEDIUM
0.0,2.43,2.81,8.96,0.818,0,state_highway,1490.0,14.9,23.7,LOW
0.0,9.84,2.15,0.85,0.086,1,rural_hill_road,2183.4,18.5,18.6,MEDIUM
0.0,12.63,4.26,9.5,0.602,2,state_highway,722.0,24.6,18.5,MEDIUM
0.0,7.9,5.0,10.77,0.122,0,national_highway,919.6,23.6,9.1,LOW
0.27,12.08,3.24,7.22,0.357,6,state_highway,882.6,22.9,7.7,MEDIUM
0.0,9.53,3.51,8.76,0.359,0,national_highway,862.3,27.8,18.5,LOW
0.17,15.68,2.68,7.49,0.568,1,state_highway,1330.2,16.3,24.4,MEDIUM
0.0,2.29,3.69,8.9,0.597,1,national_highway,389.3,23.1,36.1,LOW
3.0,13.53,2.71,8.07,0.33,3,rural_hill_road,948.9,21.9,7.5,HIGH
14.02,1.06,3.65,3.66,0.398,0,national_highway,475.0,21.8,20.4,LOW
0.0,15.87,2.96,7.97,0.373,1,state_highway,967.7,26.5,2.3,MEDIUM
0.0,8.14,3.06,11.69,0.56,0,state_highway,1682.3,14.9,24.7,LOW
8.34,6.8,3.45,3.96,0.387,0,state_highway,545.7,25.1,12.1,MEDIUM
4.66,3.02,3.03,1.46,0.45,1,state_highway,1397.7,17.0,6.7,LOW
0.0,14.31,3.85,0.98,0.391,2,rural_hill_road,2226.8,13.2,10.5,MEDIUM
0.0,17.1,3.71,9.68,0.112,0,state_highway,612.3,27.6,16.2,LOW
6.16,7.95,3.65,3.13,0.445,3,national_highway,1338.0,22.5,32.5,MEDIUM
0.0,3.18,3.53,12.0,0.559,2,national_highway,1164.9,20.7,14.7,LOW
4.55,8.03,2.48,8.8,0.478,0,state_highway,947.7,26.7,19.3,MEDIUM
5.88,14.78,2.46,4.55,0.301,3,state_highway,833.1,27.7,5.7,MEDIUM
10.53,23.98,1.0,3.79,0.527,5,rural_hill_road,1086.6,25.6,11.1,HIGH
0.0,4.07,4.35,12.0,0.246,1,state_highway,1438.7,17.6,14.3,LOW
0.0,0.76,4.97,8.14,0.476,1,national_highway,161.9,25.5,23.8,LOW
0.0,25.94,2.25,8.29,0.245,0,rural_hill_road,2227.2,8.4,9.8,MEDIUM
0.0,3.31,3.12,6.35,0.483,0,state_highway,1638.9,20.9,11.6,LOW
6.75,8.6,3.42,4.16,0.164,0,rural_hill_road,1392.0,17.7,9.6,MEDIUM
0.0,10.86,3.5,6.59,0.522,8,state_highway,327.6,30.8,24.5,MEDIUM
0.0,2.04,4.24,9.7,0.234,1,national_highway,250.4,25.4,30.6,LOW
0.0,24.86,1.86,7.41,0.283,3,rural_hill_road,2440.4,14.6,12.8,HIGH
9.23,16.2,2.64,3.99,0.766,1,rural_hill_road,1185.7,14.4,21.4,HIGH
0.0,13.64,3.86,2.01,0.123,3,state_highway,1732.0,20.1,19.7,MEDIUM
0.0,11.1,4.18,7.84,0.309,4,national_highway,401.1,24.5,10.1,LOW
0.0,24.28,2.58,5.28,0.038,4,rural_hill_road,1647.5,14.4,21.7,HIGH
0.0,11.74,4.0,11.22,0.417,1,rural_hill_road,1728.5,16.0,30.2,MEDIUM
0.0,7.91,3.83,9.29,0.695,1,national_highway,1175.0,23.0,3.6,LOW
0.0,15.59,1.0,2.65,0.291,4,rural_hill_road,2198.8,13.3,10.7,HIGH
0.0,0.56,3.7,11.77,0.409,1,national_highway,891.0,21.6,19.0,LOW
15.93,10.26,4.43,0.82,0.855,2,state_highway,1177.8,19.3,11.2,HIGH
0.0,9.12,3.12,9.51,0.189,1,state_highway,278.0,22.6,3.1,LOW
0.0,7.48,3.68,5.86,0.283,2,state_highway,894.0,29.4,10.5,LOW
6.14,7.54,3.32,3.32,0.518,1,state_highway,686.9,24.7,21.2,MEDIUM
2.25,8.1,2.25,1.75,0.729,0,state_highway,1555.5,22.1,11.2,MEDIUM
0.0,14.62,3.32,10.79,0.511,2,state_highway,1615.8,19.5,16.1,MEDIUM
0.0,25.18,1.43,7.54,0.554,5,rural_hill_road,2299.0,10.8,5.9,HIGH
2.5,0.91,3.77,11.08,0.148,1,national_highway,576.8,23.6,18.6,LOW
0.0,8.94,4.22,8.86,0.402,1,national_highway,819.0,25.1,8.0,LOW
0.0,13.34,3.32,6.14,0.555,0,state_highway,904.2,26.5,3.2,LOW
0.0,2.9,4.47,6.46,0.182,0,national_highway,452.7,31.1,28.8,LOW
9.19,5.91,2.41,2.31,0.062,2,rural_hill_road,1444.7,19.4,6.4,HIGH
0.0,22.2,3.78,9.58,0.12,2,rural_hill_road,2547.9,10.7,18.9,HIGH
3.88,0.82,5.0,9.58,0.558,1,national_highway,1287.9,17.3,7.0,LOW
0.0,1.42,4.21,0.94,0.374,1,national_highway,1246.3,17.8,14.7,LOW
3.36,8.5,3.71,8.84,0.293,0,national_highway,1169.6,20.3,27.4,LOW
0.0,13.93,3.46,0.55,0.518,3,rural_hill_road,1932.9,18.4,12.8,HIGH
2.83,4.87,2.85,5.7,0.656,0,state_highway,1419.3,16.9,6.9,LOW
0.0,8.27,4.7,10.76,0.47,0,national_highway,140.0,30.4,14.6,LOW
0.0,5.89,4.01,8.32,0.746,0,state_highway,348.6,33.0,5.4,LOW
0.0,12.26,2.68,1.64,0.186,3,state_highway,1339.0,22.4,15.4,MEDIUM
0.0,16.87,1.87,8.6,0.32,1,state_highway,977.3,19.4,4.7,MEDIUM
0.0,3.79,4.1,6.69,0.238,1,national_highway,159.8,27.5,6.2,LOW
6.03,11.5,2.11,4.95,0.378,1,rural_hill_road,902.3,28.5,2.4,MEDIUM
0.0,13.59,1.7,2.95,0.672,4,rural_hill_road,2315.8,7.5,4.8,HIGH
9.17,11.62,3.98,2.7,0.297,1,state_highway,480.5,21.8,17.3,MEDIUM
0.0,3.62,4.7,5.75,0.331,2,national_highway,895.8,23.8,10.6,LOW
0.0,14.05,2.03,6.67,0.286,3,state_highway,1459.8,21.2,31.2,MEDIUM
0.0,23.01,2.65,9.73,0.591,2,rural_hill_road,1432.3,16.4,6.8,MEDIUM
0.0,12.71,3.67,8.94,0.264,4,state_highway,784.9,27.0,2.7,LOW
0.0,17.98,2.22,8.32,0.537,4,state_highway,1660.4,16.4,6.7,MEDIUM
2.05,2.67,4.41,6.98,0.81,1,national_highway,470.9,26.6,3.7,LOW
0.33,15.14,2.47,8.6,0.33,0,state_highway,562.0,24.4,6.4,LOW
0.0,1.51,3.27,10.25,0.273,0,national_highway,529.6,28.4,8.1,LOW
0.0,3.05,3.38,4.71,0.683,0,national_highway,454.8,24.7,1.4,LOW
22.11,15.56,4.26,1.54,0.232,3,state_highway,248.7,24.1,15.1,HIGH
3.14,3.97,1.61,1.64,0.326,0,state_highway,1492.2,24.5,4.9,MEDIUM
0.21,4.07,3.43,2.9,0.455,1,state_highway,1454.4,19.2,2.8,LOW
7.19,3.68,3.95,4.83,0.207,0,national_highway,461.4,29.9,11.5,LOW
0.0,13.65,2.2,7.8,0.21,0,rural_hill_road,721.3,24.4,28.5,LOW
0.0,11.18,3.44,10.73,0.479,2,state_highway,1063.9,21.5,10.6,MEDIUM
5.37,3.9,3.27,2.01,0.431,1,state_highway,374.1,26.7,11.2,LOW
5.83,4.54,2.56,2.95,0.501,0,state_highway,1209.1,18.1,11.9,MEDIUM
5.75,4.36,4.39,1.79,0.419,1,national_highway,599.6,19.5,12.8,LOW
0.0,1.31,4.01,8.89,0.46,1,national_highway,530.5,27.4,1.8,LOW
0.0,6.4,4.25,9.13,0.162,1,national_highway,953.0,20.6,8.3,LOW
6.02,3.69,4.65,2.12,0.395,2,national_highway,919.4,22.5,5.9,LOW
3.57,8.49,5.0,11.9,0.732,0,national_highway,98.7,34.5,7.5,LOW
1.08,4.43,4.19,5.77,0.781,0,national_highway,209.5,23.9,14.8,LOW
0.0,12.27,2.1,7.22,0.546,1,state_highway,1671.6,22.5,17.7,MEDIUM
0.0,25.04,2.77,1.0,0.485,1,rural_hill_road,1911.9,12.0,50.7,HIGH
0.0,16.92,2.47,9.15,0.044,1,state_highway,1766.0,22.5,7.3,MEDIUM
0.0,2.07,3.01,9.85,0.894,0,state_highway,592.0,21.2,6.9,LOW
0.0,9.93,2.22,9.41,0.069,1,rural_hill_road,779.7,20.9,10.3,LOW
0.0,7.91,3.62,10.81,0.574,1,national_highway,733.9,28.1,7.3,LOW
13.81,22.05,1.59,3.75,0.279,3,rural_hill_road,1840.4,18.2,18.3,HIGH
3.9,8.69,3.0,8.14,0.233,1,state_highway,729.7,24.0,13.2,MEDIUM
0.0,6.48,2.07,6.91,0.044,1,rural_hill_road,1856.3,17.1,10.1,MEDIUM
0.0,17.39,1.94,12.0,0.395,2,rural_hill_road,1127.2,18.3,12.8,MEDIUM
0.0,3.25,2.98,8.48,0.363,0,national_highway,454.6,28.4,20.0,LOW
0.0,4.11,4.29,8.53,0.736,2,national_highway,1148.9,20.8,12.8,LOW
1.2,22.29,1.5,8.9,0.298,2,rural_hill_road,2236.7,17.0,2.0,HIGH
9.93,8.18,2.24,3.57,0.307,0,state_highway,387.7,27.3,9.0,MEDIUM
0.0,5.86,5.0,5.76,0.481,1,national_highway,991.9,28.0,5.9,LOW
0.0,7.52,3.93,6.95,0.525,0,state_highway,350.5,27.6,9.1,LOW
4.91,6.61,4.8,7.85,0.191,0,national_highway,1207.6,26.8,15.5,LOW
0.0,4.15,3.7,9.85,0.712,1,state_highway,370.7,27.3,16.1,LOW
0.0,11.76,2.7,9.52,0.247,3,state_highway,1080.5,25.3,18.9,MEDIUM
0.0,6.75,2.89,1.19,0.396,3,rural_hill_road,1801.2,20.7,68.0,MEDIUM
2.82,14.65,2.32,8.08,0.53,2,state_highway,999.3,19.0,6.4,MEDIUM
11.26,10.09,3.25,4.07,0.202,0,national_highway,316.9,31.5,6.7,MEDIUM
0.0,9.58,2.84,12.0,0.3,0,state_highway,1491.1,17.7,27.6,LOW
3.44,10.02,4.26,5.83,0.546,1,national_highway,1022.7,24.1,15.4,LOW
0.0,3.31,3.84,2.5,0.665,0,national_highway,965.5,19.9,8.3,LOW
2.22,1.03,3.76,7.85,0.391,1,national_highway,862.0,24.1,18.6,LOW
0.0,11.5,2.12,8.05,0.586,4,state_highway,1623.2,21.7,28.8,MEDIUM
0.0,16.28,2.72,9.38,0.753,2,state_highway,1102.7,17.8,16.2,MEDIUM
0.0,11.03,4.13,2.8,0.608,3,state_highway,1260.9,18.2,7.5,MEDIUM
8.47,22.38,1.44,2.99,0.053,5,rural_hill_road,1078.8,23.4,8.6,HIGH
5.95,7.14,3.11,4.14,0.311,0,state_highway,629.1,26.7,33.9,LOW
0.0,10.58,4.44,9.38,0.271,3,national_highway,1093.0,18.1,11.0,LOW
2.71,2.85,2.78,10.67,0.175,0,national_highway,990.7,23.3,13.9,LOW
0.0,6.35,4.14,8.08,0.132,0,state_highway,938.5,23.8,42.9,LOW
7.14,2.87,3.09,1.23,0.646,1,state_highway,1693.5,17.9,7.5,MEDIUM
0.0,4.03,5.0,10.13,0.246,2,national_highway,865.3,24.0,31.1,LOW
0.0,11.91,3.83,9.8,0.363,0,state_highway,1097.8,27.6,14.4,LOW
0.0,9.88,4.39,8.69,0.607,0,national_highway,1178.5,18.1,7.8,LOW
0.0,16.07,1.97,8.31,0.384,1,rural_hill_road,1056.9,27.7,10.8,MEDIUM
2.92,5.33,3.63,7.37,0.35,1,state_highway,1053.8,21.4,22.7,MEDIUM
0.0,17.77,2.1,5.71,0.514,1,rural_hill_road,1725.0,17.3,31.3,MEDIUM
12.01,3.87,4.56,1.89,0.674,0,national_highway,315.5,28.3,11.4,LOW
0.0,11.0,3.67,9.73,0.268,4,state_highway,1699.2,19.3,13.0,MEDIUM
0.0,2.33,3.67,7.67,0.73,3,national_highway,1354.7,19.6,12.0,LOW
0.0,6.37,4.94,9.66,0.361,1,national_highway,1308.4,19.3,8.4,LOW
2.0,2.32,2.73,2.86,0.337,0,state_highway,1548.7,17.6,14.9,MEDIUM
4.82,22.62,2.63,2.26,0.329,3,rural_hill_road,1954.9,25.5,16.3,HIGH
0.0,13.22,3.25,5.3,0.464,2,state_highway,1641.7,18.3,13.2,MEDIUM
0.0,6.59,1.54,9.33,0.735,2,rural_hill_road,947.2,18.6,23.3,MEDIUM
0.0,15.98,4.15,7.13,0.476,1,state_highway,435.2,26.3,24.1,LOW
8.45,5.47,4.04,1.71,0.572,1,national_highway,145.9,25.6,12.7,MEDIUM
0.0,0.8,5.0,5.77,0.768,0,national_highway,1199.2,23.4,15.4,LOW
7.19,16.23,4.5,2.4,0.672,1,state_highway,325.6,19.6,30.4,MEDIUM
0.0,9.56,4.67,2.93,0.277,0,national_highway,770.2,18.7,5.9,LOW
0.0,10.43,4.82,9.33,0.624,1,national_highway,444.6,26.2,39.5,MEDIUM
3.34,10.49,2.32,3.98,0.667,2,rural_hill_road,1419.3,21.6,4.6,HIGH
7.97,10.12,1.52,4.08,0.269,2,state_highway,233.0,21.0,7.6,MEDIUM
0.0,15.66,2.89,6.82,0.165,3,state_highway,791.0,30.4,15.4,MEDIUM
6.34,8.02,3.57,1.43,0.318,0,national_highway,144.6,34.6,12.2,LOW
1.05,3.87,4.49,6.04,0.311,1,national_highway,616.7,31.1,23.6,LOW
4.56,1.64,3.41,7.0,0.385,0,national_highway,1220.6,19.9,7.5,LOW
0.0,3.65,4.06,1.31,0.477,0,national_highway,1495.8,15.0,16.9,LOW
0.0,10.61,2.28,7.9,0.444,5,state_highway,1065.8,15.7,16.0,MEDIUM
2.25,6.45,3.09,10.37,0.525,0,state_highway,1145.0,21.5,16.3,LOW
0.0,2.23,4.96,10.71,0.146,0,national_highway,547.2,24.6,12.8,LOW
0.0,1.19,4.4,9.43,0.51,0,national_highway,136.4,29.9,26.1,LOW
0.0,15.83,2.71,0.78,0.487,5,rural_hill_road,1344.6,19.1,12.1,HIGH
14.53,11.55,4.76,3.98,0.308,2,state_highway,1563.6,17.8,16.7,HIGH
5.12,20.97,3.19,2.43,0.487,2,rural_hill_road,2217.6,11.6,10.7,HIGH
10.98,11.75,4.88,3.91,0.299,1,national_highway,240.0,30.3,15.8,MEDIUM
4.78,17.87,4.8,10.72,0.429,0,state_highway,815.8,25.5,18.2,LOW
0.0,17.46,2.42,10.37,0.383,1,state_highway,819.5,27.7,6.7,LOW
0.0,15.76,4.72,5.75,0.489,2,state_highway,1570.8,20.5,33.8,LOW
0.0,3.17,4.09,12.0,0.284,1,state_highway,1538.8,21.3,28.7,LOW
7.15,6.52,2.92,1.9,0.253,1,state_highway,1746.7,20.2,25.4,MEDIUM
0.0,6.29,3.71,11.24,0.195,2,national_highway,127.4,30.2,8.1,LOW
1.66,7.49,2.88,10.95,0.399,2,state_highway,628.6,25.2,10.1,LOW
0.0,12.28,4.25,10.37,0.321,4,state_highway,1662.4,18.1,15.6,MEDIUM
0.0,15.42,2.76,9.79,0.803,2,state_highway,422.2,30.2,17.4,MEDIUM
0.0,16.55,1.78,7.75,0.168,5,rural_hill_road,790.5,24.1,15.6,MEDIUM
19.06,2.37,3.77,1.6,0.285,2,state_highway,1686.3,19.3,6.8,HIGH
0.0,3.75,3.97,8.11,0.673,1,state_highway,497.5,24.4,17.5,LOW
0.0,1.09,4.72,5.46,0.689,2,national_highway,790.5,26.7,34.9,LOW
0.0,10.06,3.98,10.25,0.242,1,state_highway,1387.9,22.5,10.2,MEDIUM
2.46,5.81,3.59,10.04,0.508,0,state_highway,803.4,17.6,15.0,LOW
0.0,10.44,4.55,10.69,0.759,1,national_highway,495.4,21.9,13.5,LOW
0.53,3.51,3.94,7.45,0.407,1,national_highway,385.2,28.1,3.5,LOW
11.55,7.77,4.34,4.14,0.213,1,national_highway,699.0,23.1,6.8,LOW
6.86,21.25,1.83,4.63,0.703,1,rural_hill_road,892.7,22.1,26.7,HIGH
0.0,4.89,3.99,12.0,0.08,3,state_highway,652.1,28.6,7.8,LOW
0.0,11.32,3.97,9.56,0.222,3,national_highway,689.6,28.5,21.3,LOW
0.0,1.45,4.07,9.98,0.387,0,national_highway,269.1,20.7,4.4,LOW
0.0,2.15,3.44,12.0,0.184,1,state_highway,330.4,24.4,21.0,LOW
7.43,7.56,1.62,2.05,0.62,1,rural_hill_road,1434.3,20.1,17.2,HIGH
22.82,4.53,3.01,1.95,0.135,0,state_highway,1443.3,13.6,3.8,HIGH
22.45,6.85,4.04,1.88,0.596,1,state_highway,1299.1,19.0,15.8,HIGH
0.0,14.37,2.54,7.44,0.239,2,state_highway,542.4,27.0,12.6,MEDIUM
30.43,7.84,4.47,1.57,0.479,0,state_highway,1663.9,25.6,16.3,HIGH
0.0,25.5,1.93,10.63,0.046,3,rural_hill_road,1903.4,15.5,19.5,HIGH
0.0,17.53,2.94,10.69,0.336,1,rural_hill_road,2119.0,14.0,15.1,MEDIUM
0.0,8.36,3.92,5.94,0.241,0,state_highway,238.8,22.8,18.8,LOW
0.58,4.51,4.8,6.9,0.25,1,national_highway,309.4,31.7,19.8,LOW
0.0,10.9,4.34,2.8,0.688,1,national_highway,1366.9,18.4,2.8,MEDIUM
11.85,9.8,3.8,3.1,0.487,4,national_highway,338.7,23.7,3.6,MEDIUM
1.79,7.35,3.25,10.64,0.566,0,state_highway,862.8,27.1,4.3,LOW
0.0,10.71,4.76,9.53,0.257,1,national_highway,969.8,24.0,15.9,LOW
0.0,12.59,3.64,7.4,0.783,3,state_highway,478.7,26.6,20.7,MEDIUM
15.26,7.18,3.67,0.4,0.392,0,state_highway,976.3,26.4,28.1,MEDIUM
0.0,11.51,4.63,7.77,0.147,4,national_highway,155.7,32.0,18.9,LOW
8.0,5.63,4.07,2.85,0.257,0,national_highway,259.4,23.2,7.3,MEDIUM
13.58,7.56,3.98,2.17,0.632,1,state_highway,1768.6,13.4,9.8,HIGH
18.61,4.67,4.19,2.27,0.619,0,state_highway,837.4,30.8,10.0,MEDIUM
3.63,17.98,4.29,9.83,0.391,4,state_highway,773.1,24.3,14.6,MEDIUM
3.37,10.92,3.81,6.87,0.319,5,national_highway,442.4,23.7,3.4,MEDIUM
0.0,16.13,1.45,6.39,0.706,2,rural_hill_road,1692.0,21.0,20.1,MEDIUM
0.0,2.34,3.6,7.98,0.21,1,national_highway,84.3,26.9,20.7,LOW
0.95,4.04,2.79,6.58,0.297,1,state_highway,887.1,25.1,20.3,LOW
0.0,11.19,4.41,5.71,0.601,3,national_highway,1387.5,18.9,7.9,MEDIUM
11.91,25.22,2.69,3.86,0.302,3,rural_hill_road,1805.9,13.3,10.6,HIGH
0.0,19.09,1.94,7.04,0.775,4,rural_hill_road,2597.7,12.8,25.4,HIGH
1.92,15.55,3.04,10.18,0.33,3,rural_hill_road,983.8,20.1,11.3,MEDIUM
13.26,15.6,3.93,3.0,0.168,6,state_highway,314.7,29.5,26.5,HIGH
7.34,6.93,3.63,3.54,0.045,0,state_highway,322.1,21.8,10.8,LOW
0.0,9.92,3.04,5.78,0.451,0,state_highway,1129.2,18.3,5.4,LOW
20.1,5.66,3.38,1.71,0.3,1,national_highway,347.3,31.7,23.6,HIGH
1.29,6.21,4.61,9.92,0.181,0,national_highway,70.2,25.9,11.4,LOW
0.0,20.03,2.8,8.17,0.516,7,rural_hill_road,2145.7,15.6,11.6,HIGH
12.48,3.19,4.57,3.08,0.635,2,national_highway,280.7,26.8,8.9,LOW
0.0,16.57,2.57,7.03,0.67,1,state_highway,397.4,26.6,24.4,MEDIUM
0.0,10.55,4.27,12.0,0.249,0,national_highway,531.5,25.9,15.7,LOW
1.93,11.74,2.34,9.74,0.356,2,state_highway,1276.6,20.3,6.9,MEDIUM
0.0,2.53,4.26,6.83,0.374,0,national_highway,260.5,23.8,9.6,LOW
0.0,21.48,1.19,6.97,0.14,2,rural_hill_road,1399.7,25.0,18.6,HIGH
0.0,17.25,2.85,7.1,0.506,2,state_highway,1558.9,24.9,37.2,MEDIUM
0.0,9.4,4.33,7.39,0.26,1,national_highway,672.4,27.6,3.7,LOW
0.0,7.41,4.42,7.47,0.414,2,national_highway,439.1,27.6,4.6,LOW
0.03,17.29,3.58,5.71,0.445,1,state_highway,334.9,22.9,4.6,LOW
0.0,6.45,3.74,7.14,0.527,1,state_highway,1612.7,15.6,9.4,LOW
4.42,13.61,3.55,10.15,0.104,2,state_highway,460.8,23.2,12.0,MEDIUM
0.0,2.3,4.68,2.18,0.638,2,national_highway,1493.9,18.5,19.6,LOW
12.47,18.73,2.09,4.45,0.209,3,rural_hill_road,2503.6,12.3,32.4,HIGH
0.0,5.16,2.28,1.76,0.851,0,rural_hill_road,2388.4,13.6,21.4,MEDIUM
0.0,7.47,4.23,10.19,0.378,1,state_highway,1120.8,22.7,2.7,LOW
6.96,15.87,2.58,2.7,0.464,1,state_highway,1576.7,19.3,30.6,MEDIUM
0.0,10.92,4.77,8.57,0.298,1,national_highway,901.4,20.3,9.1,LOW
5.6,8.13,4.6,4.13,0.261,0,state_highway,1329.4,24.3,36.7,LOW
2.24,0.52,3.92,9.61,0.403,0,national_highway,760.1,29.1,4.7,LOW
2.66,10.91,2.86,4.31,0.434,0,state_highway,831.7,20.2,28.8,MEDIUM
0.0,9.89,1.73,7.72,0.612,2,rural_hill_road,2243.9,9.9,22.1,MEDIUM
0.0,1.91,3.99,7.51,0.531,1,national_highway,438.8,23.3,21.1,LOW
0.0,3.21,2.2,9.82,0.53,0,state_highway,1503.8,21.8,5.2,LOW
16.92,15.89,2.15,0.44,0.255,6,state_highway,1660.9,22.1,14.5,HIGH
1.43,14.01,3.43,8.59,0.114,3,state_highway,515.5,24.7,8.8,LOW
6.78,11.36,3.87,2.63,0.14,3,national_highway,901.2,24.4,15.3,MEDIUM
0.0,4.9,2.56,4.56,0.829,1,state_highway,1076.0,23.0,8.0,LOW
0.0,25.63,3.01,12.0,0.306,3,rural_hill_road,2464.3,13.2,17.7,HIGH
0.0,11.84,4.95,5.94,0.256,5,national_highway,1161.7,22.4,13.4,LOW
1.47,10.61,4.27,6.92,0.29,3,national_highway,969.6,23.7,12.8,LOW
5.32,8.12,4.04,3.98,0.181,0,national_highway,1258.1,18.0,7.2,LOW
0.0,2.33,4.43,7.42,0.319,1,state_highway,1151.9,18.4,16.0,LOW
22.5,17.8,3.99,1.56,0.064,1,state_highway,663.6,27.0,3.5,HIGH
3.1,10.42,1.18,0.82,0.464,3,rural_hill_road,1307.5,19.2,15.2,HIGH
0.0,3.96,4.4,7.16,0.64,0,national_highway,124.5,28.9,27.2,LOW
4.1,8.25,3.72,7.27,0.108,2,national_highway,302.3,30.8,9.4,LOW
2.84,3.35,4.17,6.67,0.613,0,national_highway,707.2,25.6,9.5,LOW
10.14,8.61,4.55,1.99,0.472,2,national_highway,959.7,23.4,9.8,MEDIUM
0.0,14.21,1.16,8.19,0.432,0,rural_hill_road,1303.5,28.8,12.4,MEDIUM
0.0,4.45,3.1,6.28,0.526,1,state_highway,308.2,24.1,25.4,LOW
0.0,9.68,2.06,10.12,0.345,6,rural_hill_road,1284.9,18.5,15.3,MEDIUM
18.23,3.95,3.59,1.48,0.681,1,national_highway,486.6,25.3,7.7,MEDIUM
0.0,3.67,3.31,6.89,0.27,2,state_highway,495.8,31.4,18.3,LOW
24.16,8.19,4.47,1.83,0.333,1,national_highway,257.1,28.6,11.6,MEDIUM
0.0,17.96,3.39,7.38,0.401,2,state_highway,1184.9,17.2,13.1,MEDIUM
0.39,3.38,4.08,0.49,0.034,0,national_highway,1407.4,17.3,11.2,LOW
1.63,6.24,4.05,10.47,0.639,0,national_highway,258.1,21.0,5.8,LOW
0.0,9.88,3.98,9.83,0.208,0,national_highway,813.3,28.0,2.1,LOW
7.37,5.95,3.71,4.81,0.759,1,state_highway,1298.2,22.7,19.6,MEDIUM
0.0,9.83,3.4,8.39,0.321,0,national_highway,246.5,25.4,7.6,LOW
0.0,11.08,3.09,3.78,0.156,2,state_highway,771.9,27.0,9.7,LOW
2.81,10.0,4.22,10.38,0.473,1,national_highway,1001.0,20.2,2.0,MEDIUM
0.0,4.7,3.36,4.63,0.392,1,national_highway,1490.9,24.3,11.1,LOW
0.0,3.87,3.08,7.93,0.591,0,national_highway,136.1,25.1,4.8,LOW
0.0,5.77,4.36,1.78,0.407,3,national_highway,1432.2,24.3,30.6,MEDIUM
0.0,11.37,1.32,0.64,0.289,2,rural_hill_road,2048.2,14.7,16.0,HIGH
1.73,5.91,3.9,5.03,0.613,0,national_highway,101.5,28.6,13.2,LOW
1.7,0.55,4.36,6.99,0.744,1,national_highway,988.8,24.3,5.0,LOW
0.0,14.41,2.52,7.83,0.299,2,rural_hill_road,1908.6,11.1,4.8,MEDIUM
0.0,15.44,2.33,9.29,0.636,1,rural_hill_road,2338.2,19.2,6.9,MEDIUM
0.0,6.27,3.78,5.37,0.227,1,state_highway,1547.6,18.7,12.5,LOW
0.0,8.18,2.29,6.08,0.314,1,state_highway,937.8,25.5,4.1,LOW
0.0,13.99,3.1,9.03,0.365,2,rural_hill_road,2378.6,11.7,17.8,MEDIUM
4.06,16.81,3.54,7.93,0.672,6,state_highway,973.2,17.0,5.6,MEDIUM
11.68,8.94,4.15,1.86,0.145,1,national_highway,1080.1,22.0,15.6,MEDIUM
0.0,2.8,3.34,9.03,0.457,1,state_highway,1205.2,22.7,9.6,LOW
4.71,4.7,5.0,9.7,0.277,0,national_highway,646.6,30.3,2.8,LOW
0.0,8.94,2.46,1.23,0.625,1,rural_hill_road,1693.5,23.9,6.7,MEDIUM
11.91,15.36,1.5,3.03,0.465,3,rural_hill_road,1945.2,18.4,25.7,HIGH
0.0,2.99,4.27,8.89,0.51,0,national_highway,1455.9,15.7,21.1,LOW
0.0,6.73,2.56,3.82,0.191,1,national_highway,466.4,21.7,29.9,LOW
16.82,17.43,2.92,1.73,0.644,4,state_highway,353.7,20.2,3.8,HIGH
20.47,16.97,2.82,1.06,0.527,2,rural_hill_road,1059.9,18.8,20.1,HIGH
0.0,25.11,1.67,8.26,0.411,0,rural_hill_road,888.2,18.8,9.0,MEDIUM
0.0,9.52,2.68,2.53,0.803,2,rural_hill_road,2090.0,18.8,16.1,MEDIUM
0.0,10.68,3.17,6.44,0.334,4,state_highway,1093.9,23.9,2.5,MEDIUM
14.71,5.73,4.31,1.59,0.226,1,national_highway,1342.4,20.4,19.6,MEDIUM
0.0,9.95,4.71,1.75,0.558,1,national_highway,1484.8,19.7,34.5,MEDIUM
0.0,11.46,2.88,11.49,0.627,1,national_highway,1076.7,21.7,11.7,LOW
0.0,2.84,3.84,7.53,0.654,1,state_highway,1398.4,25.3,12.3,LOW
0.0,16.34,4.16,11.76,0.782,1,state_highway,858.9,26.1,13.4,MEDIUM
0.0,10.44,5.0,7.53,0.411,3,national_highway,907.5,19.9,7.8,LOW
0.0,3.15,3.05,10.82,0.43,0,state_highway,1635.8,23.7,6.5,LOW
0.0,24.24,2.56,9.43,0.169,1,rural_hill_road,2061.7,14.3,14.2,MEDIUM
0.0,18.34,1.72,6.41,0.361,2,rural_hill_road,799.3,29.0,8.3,MEDIUM
1.43,3.01,4.25,6.84,0.343,1,national_highway,1300.3,13.4,10.0,LOW
0.0,9.11,4.46,7.48,0.493,0,national_highway,461.9,32.2,8.1,LOW
0.0,10.22,2.83,12.0,0.492,4,state_highway,549.0,27.6,3.1,MEDIUM
1.37,11.98,3.74,10.81,0.04,2,state_highway,1353.4,20.3,27.7,LOW
0.0,9.84,4.0,10.03,0.322,0,national_highway,485.6,28.5,8.0,LOW
0.0,11.35,4.59,9.42,0.523,2,state_highway,928.9,20.5,17.9,MEDIUM
1.73,7.9,2.79,9.03,0.366,1,state_highway,823.1,20.3,11.0,LOW
0.0,3.01,4.25,11.53,0.633,1,national_highway,1064.8,27.4,8.1,LOW
0.0,10.06,4.99,11.68,0.351,1,national_highway,307.8,30.7,28.6,LOW
0.0,11.44,3.82,7.99,0.629,1,national_highway,537.3,34.1,14.2,LOW
0.0,3.73,4.78,10.73,0.3,0,national_highway,381.7,30.2,7.1,LOW
3.43,4.84,4.04,11.28,0.448,3,state_highway,1566.2,17.8,16.0,LOW
0.0,10.97,3.52,10.46,0.561,2,national_highway,365.3,24.6,39.3,MEDIUM
0.0,2.21,3.58,10.37,0.374,0,national_highway,1128.0,25.5,7.1,LOW
7.42,7.63,4.19,4.73,0.14,2,national_highway,1340.7,18.2,13.9,MEDIUM
0.0,1.25,3.81,2.54,0.28,0,national_highway,1474.9,26.1,9.0,LOW
6.18,11.81,5.0,4.17,0.599,2,national_highway,990.2,29.0,26.9,MEDIUM
0.0,8.0,4.3,7.51,0.493,1,national_highway,1223.2,24.0,35.4,LOW
0.0,0.91,4.79,7.81,0.656,1,national_highway,499.0,28.3,6.7,LOW
0.0,1.36,4.35,8.22,0.655,1,national_highway,1166.3,19.3,18.6,LOW
0.0,5.9,3.59,5.04,0.168,2,national_highway,1262.9,22.4,13.1,LOW
0.0,10.85,2.28,8.82,0.39,2,rural_hill_road,1996.1,15.0,10.0,MEDIUM
7.9,7.85,3.99,4.21,0.225,1,state_highway,1260.3,25.0,2.6,MEDIUM
0.0,8.12,2.73,8.99,0.232,1,state_highway,228.0,30.5,47.9,MEDIUM
0.0,9.06,5.0,9.44,0.4,0,national_highway,85.4,26.1,6.7,LOW
0.0,1.19,4.34,9.58,0.552,1,national_highway,1460.0,18.2,3.9,LOW
0.0,16.64,2.68,0.76,0.556,1,state_highway,1694.6,16.8,8.5,HIGH
0.0,4.79,4.77,9.34,0.411,0,national_highway,1076.4,20.4,6.2,LOW
21.03,11.06,2.0,2.31,0.781,1,rural_hill_road,2431.2,10.3,8.3,HIGH
17.08,6.45,4.73,1.31,0.704,0,national_highway,882.6,21.0,30.6,MEDIUM
0.0,15.32,4.0,0.48,0.811,3,rural_hill_road,1567.0,22.6,8.5,HIGH
0.0,5.5,2.68,1.82,0.106,2,state_highway,1581.2,20.1,9.0,MEDIUM
13.25,14.14,2.55,2.8,0.829,4,state_highway,549.1,26.4,5.8,HIGH
0.0,14.82,2.92,5.94,0.035,0,state_highway,1721.6,21.4,8.8,MEDIUM
7.65,6.42,4.0,2.84,0.393,4,rural_hill_road,1638.0,20.8,31.3,HIGH
0.0,2.73,4.49,8.15,0.722,3,national_highway,724.1,23.0,5.7,LOW
1.69,7.68,4.33,10.07,0.365,4,national_highway,1390.7,21.6,8.6,LOW
0.0,7.88,4.07,11.41,0.692,1,national_highway,728.3,23.8,15.6,LOW
0.0,4.58,2.78,1.18,0.261,2,state_highway,1467.7,13.6,25.2,LOW
0.33,2.29,4.1,8.54,0.514,1,national_highway,257.2,20.8,12.4,LOW
5.91,2.21,2.7,2.52,0.549,0,national_highway,1269.1,24.5,29.0,LOW
0.0,11.35,3.64,9.16,0.232,1,national_highway,543.3,26.3,18.0,LOW
0.0,2.65,4.49,10.13,0.41,2,national_highway,1071.5,19.1,9.9,LOW
19.88,13.27,1.49,1.93,0.375,2,rural_hill_road,1789.8,11.5,10.8,HIGH
0.0,12.68,4.55,12.0,0.515,3,state_highway,1320.3,20.2,12.4,MEDIUM
6.31,5.77,4.03,4.85,0.291,2,national_highway,278.5,28.9,34.9,MEDIUM
0.0,14.5,3.99,9.91,0.711,1,state_highway,1175.1,26.0,11.0,MEDIUM
0.0,21.08,2.92,1.52,0.271,2,rural_hill_road,2073.4,21.3,30.5,HIGH
0.45,5.51,4.57,7.8,0.634,0,national_highway,818.2,26.6,29.8,LOW
0.0,1.51,3.58,12.0,0.491,1,national_highway,353.6,20.8,19.5,LOW
18.58,12.04,4.16,1.3,0.483,2,state_highway,377.1,25.0,36.1,HIGH
0.0,5.81,3.34,9.8,0.715,0,national_highway,1157.7,17.3,23.4,LOW
9.82,11.01,4.22,4.41,0.568,2,national_highway,104.4,28.0,6.3,MEDIUM
0.0,6.06,2.68,11.1,0.403,0,national_highway,497.7,28.6,12.1,LOW
4.48,8.74,1.49,1.5,0.638,2,rural_hill_road,1434.7,16.7,6.6,HIGH
0.0,11.23,4.0,9.48,0.293,0,national_highway,87.4,22.9,8.2,LOW
0.0,1.02,4.15,0.84,0.302,0,national_highway,1269.7,22.1,8.5,LOW
0.0,3.55,4.33,9.09,0.188,2,state_highway,1093.2,22.8,16.1,LOW
0.0,6.81,4.71,8.89,0.242,0,national_highway,1047.9,19.9,4.5,LOW
0.0,12.49,2.24,1.68,0.543,3,rural_hill_road,1771.9,19.3,16.1,HIGH
0.0,0.76,3.63,6.71,0.395,0,national_highway,1206.7,14.1,11.6,LOW
0.0,4.77,4.79,8.77,0.386,3,national_highway,1142.8,18.3,22.4,LOW
0.0,7.8,2.43,9.81,0.164,1,state_highway,268.7,33.9,13.6,LOW
0.0,7.58,3.99,9.02,0.585,2,state_highway,757.5,22.9,8.6,LOW
3.13,6.11,3.72,5.41,0.133,1,state_highway,431.2,31.7,28.0,LOW
0.0,8.41,3.74,9.65,0.407,1,national_highway,140.0,31.4,14.7,LOW
0.0,19.65,2.64,8.1,0.15,1,rural_hill_road,2356.3,15.2,21.6,MEDIUM
5.39,11.11,4.69,4.39,0.199,3,national_highway,970.7,22.7,27.5,LOW
0.0,10.58,3.42,9.59,0.456,0,national_highway,1478.7,15.9,25.9,LOW
0.0,7.15,4.01,6.85,0.687,2,national_highway,390.1,23.0,34.2,LOW
0.0,4.44,5.0,8.61,0.191,0,national_highway,77.9,33.8,14.9,LOW
0.0,25.32,2.17,9.93,0.089,0,rural_hill_road,1190.6,23.7,9.3,MEDIUM
0.0,8.82,4.62,7.47,0.736,0,national_highway,1090.8,23.5,10.6,LOW
1.87,7.01,4.31,10.12,0.361,0,national_highway,604.7,20.0,7.9,LOW
7.37,11.25,4.55,3.04,0.327,3,national_highway,457.8,25.5,17.6,MEDIUM
0.0,9.65,5.0,11.27,0.245,0,national_highway,220.8,24.7,15.1,LOW
5.93,5.31,3.18,1.83,0.594,0,national_highway,1327.5,17.5,5.8,MEDIUM
18.63,8.31,3.74,1.75,0.433,1,state_highway,765.0,19.1,2.1,HIGH
0.8,11.22,3.86,7.72,0.492,1,national_highway,766.4,26.6,29.4,LOW
0.95,1.56,5.0,6.05,0.352,1,national_highway,516.6,26.3,20.8,LOW
0.0,7.13,4.8,11.08,0.826,0,state_highway,1476.9,15.9,15.8,LOW
6.9,7.91,4.8,3.28,0.421,1,state_highway,312.9,26.5,11.0,LOW
0.0,7.72,3.98,9.06,0.301,1,state_highway,1790.7,22.5,35.8,LOW
1.34,18.19,3.53,1.74,0.685,1,rural_hill_road,1994.0,17.1,17.0,HIGH
0.0,5.08,2.53,8.63,0.184,0,state_highway,800.4,23.9,15.8,LOW
0.0,7.63,3.84,9.62,0.925,0,national_highway,700.7,22.8,40.2,LOW
3.68,7.06,3.58,9.36,0.206,2,national_highway,64.0,30.8,27.8,LOW
0.0,7.85,3.67,10.03,0.431,0,national_highway,1065.4,20.9,5.3,LOW
17.77,9.13,4.38,1.26,0.521,2,national_highway,928.3,17.9,7.6,MEDIUM
0.0,9.38,4.24,9.8,0.667,1,national_highway,275.2,24.2,17.8,LOW
0.68,3.48,4.21,1.75,0.312,0,state_highway,1433.5,16.3,7.3,LOW
10.14,4.53,3.84,1.44,0.29,1,state_highway,972.2,30.8,10.7,MEDIUM
0.0,0.75,4.32,8.78,0.559,1,national_highway,87.0,25.4,28.1,LOW
0.0,12.69,2.38,7.45,0.461,2,rural_hill_road,1401.7,19.1,34.8,MEDIUM
0.0,3.57,5.0,10.62,0.666,1,national_highway,372.8,23.6,13.4,LOW
0.56,15.36,3.2,7.72,0.171,3,rural_hill_road,973.8,25.0,1.0,MEDIUM
9.81,12.77,4.29,3.25,0.512,3,state_highway,877.5,26.4,14.1,MEDIUM
1.0,12.09,4.46,7.49,0.312,3,state_highway,506.7,22.7,59.8,MEDIUM
0.0,13.1,2.71,9.03,0.386,2,rural_hill_road,962.5,24.7,12.7,MEDIUM
5.74,11.29,1.92,1.29,0.293,2,rural_hill_road,1787.9,22.4,5.0,HIGH
1.77,11.5,3.06,8.61,0.317,4,state_highway,867.5,22.8,22.8,MEDIUM
0.0,3.08,3.89,8.63,0.319,1,state_highway,1327.2,24.5,19.0,LOW
0.0,10.95,4.4,6.8,0.443,5,national_highway,117.1,33.8,8.9,LOW
0.0,16.68,2.53,9.9,0.816,1,state_highway,818.4,22.5,13.6,MEDIUM
0.0,13.12,1.93,4.04,0.491,3,rural_hill_road,1886.4,16.4,7.7,HIGH
1.0,2.04,2.63,6.73,0.383,0,national_highway,802.4,20.3,40.0,LOW
10.42,16.87,4.05,2.42,0.7,4,state_highway,1334.1,24.4,14.6,HIGH
0.0,24.08,3.2,2.59,0.356,3,rural_hill_road,1791.6,21.1,18.9,HIGH
0.73,8.38,2.64,5.57,0.441,2,state_highway,423.0,25.9,11.9,LOW
0.0,25.85,2.47,2.62,0.2,0,rural_hill_road,1829.0,19.9,9.5,HIGH
0.0,9.57,4.1,8.5,0.429,1,national_highway,789.3,23.6,19.8,LOW
10.62,10.68,4.8,2.46,0.255,5,national_highway,876.4,17.6,1.6,HIGH
1.55,10.26,4.18,9.81,0.548,1,national_highway,1197.3,27.0,14.9,LOW
4.05,11.86,4.15,5.99,0.455,0,state_highway,1108.6,19.2,6.8,LOW
0.0,2.42,3.89,5.85,0.525,1,national_highway,274.0,28.3,16.2,LOW
0.0,16.77,3.41,8.99,0.387,1,state_highway,874.7,26.0,11.6,MEDIUM
1.94,2.41,5.0,8.15,0.143,2,national_highway,1141.7,16.1,13.8,LOW
2.47,1.56,4.89,10.18,0.183,2,national_highway,1316.1,18.1,9.9,LOW
0.0,12.67,1.76,10.11,0.17,3,rural_hill_road,751.2,20.4,29.2,MEDIUM
5.08,8.47,2.73,3.29,0.154,0,state_highway,1119.8,16.2,6.8,LOW
0.0,16.63,3.68,10.89,0.423,1,state_highway,1543.2,15.7,9.6,LOW
15.75,5.66,3.15,0.68,0.38,1,national_highway,765.1,19.3,15.8,MEDIUM
0.0,6.45,2.75,11.49,0.754,4,rural_hill_road,1203.9,26.2,4.7,MEDIUM
0.0,22.81,3.94,1.17,0.65,0,rural_hill_road,1560.2,14.3,13.2,MEDIUM
5.01,12.77,3.36,1.87,0.146,4,state_highway,1206.8,16.4,2.3,MEDIUM
0.0,7.69,2.66,8.85,0.754,1,national_highway,694.9,24.7,5.0,LOW
0.0,9.35,4.71,11.39,0.442,1,state_highway,974.4,24.8,23.5,LOW
0.0,10.59,3.9,1.09,0.161,2,national_highway,1285.8,20.2,7.5,LOW
2.2,3.01,4.47,8.09,0.349,1,national_highway,537.0,28.3,20.8,LOW
3.84,2.46,2.54,6.33,0.327,0,state_highway,706.7,22.4,16.8,LOW
0.0,16.71,1.1,5.61,0.132,0,rural_hill_road,1313.1,23.2,25.5,MEDIUM
5.1,11.11,4.11,4.29,0.537,4,national_highway,146.7,26.4,10.3,MEDIUM
0.92,10.55,4.16,6.95,0.089,3,national_highway,967.6,20.3,26.0,LOW
8.68,6.53,4.69,2.03,0.384,1,national_highway,397.2,27.9,12.0,MEDIUM
3.94,9.71,1.82,6.56,0.49,2,state_highway,448.5,22.0,29.6,MEDIUM
1.82,10.75,3.74,10.63,0.328,0,national_highway,1293.9,19.5,32.1,LOW
7.54,7.62,4.56,3.61,0.597,0,state_highway,1622.2,16.2,11.0,LOW
0.0,11.44,4.21,8.82,0.515,5,state_highway,1486.8,14.9,14.7,MEDIUM
0.0,5.97,3.35,6.62,0.32,0,national_highway,1123.4,23.7,18.1,LOW
0.0,3.16,2.14,11.26,0.267,2,state_highway,1650.4,15.5,10.5,LOW
0.0,10.63,4.03,2.68,0.328,4,national_highway,1432.2,23.3,7.4,LOW
4.25,15.71,2.75,3.81,0.444,2,state_highway,900.5,26.0,16.0,MEDIUM
7.31,10.37,2.78,1.43,0.6,0,rural_hill_road,2298.9,19.1,14.6,HIGH
6.08,8.32,1.82,4.37,0.303,0,rural_hill_road,1032.1,20.8,17.2,MEDIUM
18.32,11.57,2.33,0.62,0.338,0,state_highway,1366.2,15.8,31.0,HIGH
0.0,6.39,3.31,8.07,0.213,2,state_highway,1446.0,17.5,5.1,LOW
0.0,13.74,2.37,10.49,0.435,2,state_highway,861.9,16.7,12.7,MEDIUM
7.32,2.4,2.74,2.87,0.259,2,national_highway,814.9,25.4,16.2,LOW
5.11,11.26,3.29,2.58,0.028,0,state_highway,413.5,31.4,2.1,LOW
15.54,15.76,3.23,1.16,0.192,3,rural_hill_road,2184.4,19.3,21.6,HIGH
0.0,8.53,2.53,7.89,0.228,0,state_highway,546.7,32.4,6.2,LOW
0.0,3.2,5.0,12.0,0.203,0,national_highway,232.6,27.2,13.8,LOW
0.0,4.81,4.65,8.52,0.635,0,national_highway,1023.7,14.0,6.9,LOW
0.0,11.12,1.84,9.02,0.641,5,rural_hill_road,1723.1,23.3,14.7,HIGH
0.0,5.12,4.33,1.99,0.109,0,state_highway,1349.9,22.7,22.1,LOW
21.6,6.92,4.49,2.36,0.101,0,national_highway,1020.3,26.9,20.8,MEDIUM
0.0,10.71,3.75,8.21,0.296,1,national_highway,306.5,21.3,7.6,LOW
7.09,24.12,1.58,3.77,0.442,4,rural_hill_road,1333.6,9.8,12.6,HIGH
0.0,9.5,3.22,11.44,0.129,0,state_highway,1197.4,24.5,21.8,LOW
0.0,3.22,5.0,2.15,0.618,1,national_highway,1214.4,23.2,10.6,LOW
3.93,13.04,2.37,9.81,0.693,1,state_highway,1582.0,19.5,30.2,MEDIUM
4.69,2.57,3.58,8.87,0.859,2,national_highway,1184.7,26.4,21.9,LOW
1.49,7.81,3.88,6.62,0.684,0,state_highway,929.9,20.3,8.9,LOW
0.0,9.42,2.67,9.52,0.536,1,state_highway,895.0,27.3,9.4,LOW
10.79,17.39,1.55,2.03,0.515,5,rural_hill_road,1575.1,14.7,37.8,HIGH
0.0,6.96,4.86,7.68,0.462,1,national_highway,169.4,23.3,4.1,LOW
3.8,1.6,3.07,6.21,0.584,1,national_highway,148.3,24.6,4.8,LOW
0.0,24.29,1.58,10.07,0.669,0,rural_hill_road,883.4,27.8,5.0,MEDIUM
1.63,7.99,3.04,10.48,0.236,1,national_highway,456.3,23.8,16.1,LOW
1.14,21.99,1.2,8.85,0.414,0,rural_hill_road,2070.2,9.0,5.6,HIGH
0.0,13.49,2.98,8.24,0.044,3,state_highway,941.8,23.8,12.0,MEDIUM
0.0,3.5,3.62,9.57,0.49,2,state_highway,1205.0,22.2,13.3,LOW
0.0,8.73,3.56,6.01,0.572,1,national_highway,1264.7,25.6,14.0,LOW
0.0,3.17,5.0,6.56,0.513,2,national_highway,1290.6,23.3,5.4,LOW
0.0,7.13,3.76,9.18,0.643,1,national_highway,1124.1,19.0,19.8,LOW
0.0,18.48,2.73,5.64,0.163,0,rural_hill_road,1813.7,13.7,7.0,MEDIUM
5.22,13.75,1.81,4.12,0.178,4,rural_hill_road,2591.0,13.4,27.2,HIGH
10.57,5.53,2.98,1.82,0.34,0,national_highway,86.2,24.9,25.3,MEDIUM
0.12,23.55,3.28,8.62,0.228,1,rural_hill_road,1758.3,18.6,9.2,HIGH
5.26,14.08,4.33,2.18,0.265,3,state_highway,1797.0,18.1,7.4,MEDIUM
0.0,11.79,2.95,8.94,0.498,2,state_highway,276.0,33.1,13.4,MEDIUM
0.23,8.78,2.54,1.27,0.096,0,rural_hill_road,1818.0,13.8,27.4,MEDIUM
7.73,1.79,3.88,3.16,0.625,0,national_highway,254.4,28.7,18.1,LOW
0.0,8.48,3.67,9.49,0.272,1,national_highway,339.9,23.9,19.6,LOW
0.0,2.2,4.28,10.05,0.289,0,national_highway,213.8,27.1,31.8,LOW
0.02,5.4,3.99,12.0,0.403,1,national_highway,1464.9,22.2,6.2,LOW
0.0,9.64,3.04,3.55,0.516,1,state_highway,482.5,27.7,23.5,MEDIUM
7.17,15.22,4.1,3.65,0.566,1,state_highway,530.9,26.1,18.7,MEDIUM
0.0,22.77,2.52,9.3,0.328,2,rural_hill_road,2504.4,11.8,3.0,HIGH
0.0,17.31,1.51,1.3,0.671,1,rural_hill_road,1884.6,14.6,13.2,HIGH
0.0,14.99,2.6,6.7,0.757,1,state_highway,476.9,28.6,16.1,MEDIUM
20.18,6.47,4.22,1.23,0.318,0,national_highway,756.5,24.1,7.0,MEDIUM
5.28,12.6,3.0,4.31,0.44,4,state_highway,1141.3,22.0,21.9,MEDIUM
0.0,21.78,2.24,11.11,0.559,3,rural_hill_road,1402.6,15.7,7.5,HIGH
5.15,21.67,3.26,1.23,0.504,1,rural_hill_road,1171.4,21.0,21.0,HIGH
0.0,9.38,2.71,8.42,0.124,1,state_highway,407.4,26.4,31.8,LOW
0.0,4.95,3.96,6.81,0.748,0,national_highway,1109.6,15.3,6.9,LOW
2.73,4.77,4.83,0.85,0.404,1,national_highway,1428.9,19.9,13.1,MEDIUM
18.58,11.61,3.12,1.42,0.229,1,state_highway,202.8,22.6,11.2,HIGH
5.06,7.39,3.6,3.88,0.485,0,state_highway,208.8,32.8,31.0,MEDIUM
0.0,8.76,2.66,10.33,0.592,0,national_highway,760.5,22.7,11.8,LOW
0.0,3.99,4.86,7.48,0.19,0,national_highway,825.5,29.5,3.8,LOW
0.0,11.73,4.39,6.92,0.119,1,state_highway,746.7,26.4,14.3,LOW
5.81,10.62,3.88,2.1,0.317,2,national_highway,954.2,17.2,3.4,MEDIUM
14.68,9.09,3.28,2.41,0.441,2,national_highway,376.4,24.8,25.7,MEDIUM
0.0,5.85,5.0,2.84,0.124,1,national_highway,1229.7,23.7,13.1,LOW
3.63,9.44,4.3,12.0,0.163,2,national_highway,878.4,18.5,6.8,LOW
0.0,14.17,2.53,9.27,0.535,2,state_highway,297.1,25.9,9.9,MEDIUM
6.88,7.94,3.58,1.74,0.703,0,national_highway,148.2,26.2,23.8,MEDIUM
0.0,10.73,3.63,10.12,0.233,1,state_highway,386.4,30.8,10.3,LOW
0.02,5.73,3.53,10.07,0.679,1,state_highway,737.0,30.7,19.3,LOW
0.0,11.67,2.62,6.19,0.611,1,state_highway,1002.1,21.4,14.2,MEDIUM
17.78,2.23,4.43,1.05,0.483,1,national_highway,1460.5,23.2,8.7,MEDIUM
5.88,2.28,3.19,3.58,0.624,1,state_highway,947.9,27.7,8.5,LOW
0.05,5.27,2.4,9.14,0.414,0,rural_hill_road,2339.2,17.5,7.3,LOW
4.4,1.68,3.72,7.08,0.504,0,national_highway,878.4,20.3,13.0,LOW
0.0,10.06,5.0,6.69,0.146,1,national_highway,390.2,30.9,21.2,LOW
28.58,2.62,4.19,1.75,0.367,0,national_highway,298.2,23.8,11.9,MEDIUM
0.0,5.93,2.49,11.23,0.241,3,rural_hill_road,1548.4,17.6,27.1,MEDIUM
18.63,8.86,4.43,2.39,0.319,1,national_highway,109.1,20.6,22.7,HIGH
0.0,9.41,3.93,9.53,0.404,1,national_highway,588.7,31.6,15.8,LOW
37.82,6.78,4.39,1.54,0.476,0,national_highway,259.3,22.6,39.2,MEDIUM
0.0,9.28,3.48,9.44,0.688,2,state_highway,267.3,28.7,6.9,MEDIUM
3.37,1.83,4.45,8.56,0.629,0,national_highway,1189.9,16.5,17.9,LOW
0.0,10.2,1.58,9.91,0.461,1,rural_hill_road,1646.9,17.9,4.4,MEDIUM
3.76,25.07,2.14,4.79,0.101,4,rural_hill_road,721.9,27.3,37.2,HIGH
21.99,12.98,2.23,1.01,0.519,3,state_highway,1368.7,18.2,19.9,HIGH
1.51,16.97,2.99,10.41,0.63,3,state_highway,1077.8,24.2,16.6,MEDIUM
0.0,6.44,2.47,8.68,0.472,0,national_highway,780.9,20.7,6.6,LOW
0.0,11.81,3.53,10.63,0.59,7,national_highway,604.7,27.4,4.1,MEDIUM
0.0,10.25,2.97,7.18,0.561,0,national_highway,725.8,24.4,18.9,LOW
3.66,7.69,3.41,8.24,0.32,3,state_highway,814.9,33.6,14.2,MEDIUM
1.1,8.11,2.5,4.27,0.353,0,state_highway,1411.3,18.6,21.7,MEDIUM
18.25,16.68,3.54,2.25,0.143,5,state_highway,705.1,31.1,20.5,HIGH
6.08,9.15,3.85,4.35,0.782,0,national_highway,862.4,28.3,8.5,LOW
0.0,11.44,2.55,1.32,0.567,4,state_highway,1269.9,24.2,19.9,MEDIUM
7.86,5.58,2.99,4.04,0.084,0,state_highway,838.7,24.7,5.4,LOW
34.54,9.98,3.57,1.74,0.765,1,national_highway,1245.3,25.2,1.1,HIGH
0.0,5.48,1.71,8.96,0.115,3,rural_hill_road,1464.3,14.7,25.8,MEDIUM
0.0,8.14,4.44,11.75,0.339,3,national_highway,279.2,23.4,20.1,LOW
4.05,4.78,2.42,9.6,0.072,2,state_highway,790.0,27.7,3.8,LOW
0.0,6.37,5.0,7.64,0.354,0,national_highway,404.0,26.1,9.9,LOW
29.46,4.51,4.06,1.75,0.591,0,national_highway,585.0,22.8,5.5,MEDIUM
0.0,7.24,2.37,7.97,0.105,1,rural_hill_road,849.7,21.1,19.2,MEDIUM
0.0,2.96,4.62,8.94,0.498,0,national_highway,864.9,29.5,6.1,LOW
0.0,15.1,2.33,2.59,0.224,2,state_highway,1376.7,19.1,24.5,MEDIUM
0.0,9.25,3.52,8.36,0.106,3,national_highway,963.1,21.6,15.9,LOW
3.07,2.48,4.18,8.49,0.181,0,national_highway,415.6,34.7,8.6,LOW
2.13,0.87,4.05,9.45,0.82,1,national_highway,1292.0,21.2,27.1,LOW
8.67,2.5,3.92,4.45,0.717,2,state_highway,426.2,29.5,4.4,MEDIUM
0.0,8.54,1.94,9.66,0.43,2,rural_hill_road,1185.8,12.7,10.7,MEDIUM
0.0,11.62,1.6,5.04,0.404,1,rural_hill_road,1585.1,23.1,25.6,MEDIUM
0.0,11.42,1.77,2.54,0.334,0,rural_hill_road,2534.1,13.7,12.5,HIGH
8.06,16.91,2.52,3.27,0.478,3,state_highway,1128.6,28.8,16.1,HIGH
0.0,8.56,4.23,7.0,0.24,3,national_highway,1185.8,25.3,38.5,LOW
10.35,16.38,3.3,4.79,0.281,4,state_highway,956.1,16.1,16.2,HIGH
0.0,9.19,4.37,7.82,0.38,1,national_highway,1405.5,24.0,7.5,LOW
8.09,4.93,4.28,2.23,0.196,0,state_highway,1376.2,14.7,10.4,MEDIUM
4.02,4.72,4.57,10.19,0.359,0,national_highway,364.1,22.9,2.7,LOW
0.0,6.58,2.86,1.49,0.528,1,rural_hill_road,1207.3,23.5,18.5,MEDIUM
2.83,2.52,3.98,2.29,0.257,0,state_highway,1602.0,16.6,10.4,MEDIUM
0.0,3.09,2.89,4.47,0.395,0,state_highway,580.3,19.6,10.8,LOW
1.32,7.83,4.0,8.96,0.615,1,rural_hill_road,2005.2,11.0,4.5,MEDIUM
0.03,10.3,3.4,8.23,0.806,3,state_highway,881.7,24.0,25.2,MEDIUM
0.0,13.38,2.14,8.74,0.451,2,rural_hill_road,1164.8,20.4,27.2,MEDIUM
0.0,9.33,3.77,8.7,0.787,4,national_highway,1437.0,24.8,18.8,LOW
0.0,2.61,5.0,9.2,0.437,0,national_highway,426.8,23.7,9.9,LOW
2.15,24.08,1.7,2.27,0.894,3,rural_hill_road,2440.9,8.4,5.5,HIGH
0.0,18.33,2.5,10.55,0.569,4,rural_hill_road,1474.4,21.7,17.7,HIGH
0.0,20.23,1.65,6.63,0.27,2,rural_hill_road,1106.6,23.8,14.7,HIGH
0.0,6.67,3.9,8.44,0.22,1,national_highway,1152.9,24.1,31.1,LOW
0.0,25.5,1.79,9.04,0.664,2,rural_hill_road,2127.0,12.4,26.6,HIGH
0.0,8.24,4.42,5.4,0.29,0,national_highway,890.0,26.9,21.8,LOW
7.24,11.41,5.0,2.07,0.398,2,national_highway,427.7,23.1,24.7,MEDIUM
0.0,13.93,2.6,11.0,0.376,5,state_highway,1190.6,24.3,27.2,MEDIUM
0.0,7.45,3.55,10.15,0.362,0,national_highway,588.6,26.1,12.5,LOW
0.87,4.13,4.29,7.19,0.297,1,national_highway,519.7,22.0,15.2,LOW
13.76,12.26,4.59,4.48,0.281,1,state_highway,1494.7,17.2,9.8,HIGH
0.0,6.92,2.42,7.15,0.562,1,state_highway,1413.0,24.2,30.3,LOW
0.0,16.68,3.94,7.35,0.203,3,state_highway,1495.4,25.3,17.5,LOW
0.0,20.2,2.6,2.04,0.538,6,rural_hill_road,2309.1,6.9,48.4,HIGH
3.85,4.82,4.36,11.38,0.414,0,national_highway,569.3,25.9,3.8,LOW
14.94,14.24,2.66,2.15,0.502,4,state_highway,1001.9,26.4,15.9,HIGH
0.0,5.19,4.18,5.79,0.33,3,national_highway,305.7,20.5,26.4,LOW
0.0,17.33,3.16,9.05,0.182,3,state_highway,369.3,33.0,6.9,MEDIUM
14.87,10.2,3.99,3.72,0.498,2,state_highway,1550.1,18.0,27.1,HIGH
0.0,21.09,3.61,10.05,0.58,3,rural_hill_road,2446.0,14.2,15.0,HIGH
1.56,6.03,2.66,9.17,0.457,1,state_highway,521.1,23.3,4.6,MEDIUM
8.25,16.25,2.75,4.46,0.46,6,state_highway,1747.6,14.4,5.4,HIGH
17.97,8.62,3.29,1.69,0.234,2,national_highway,1120.4,19.8,31.4,MEDIUM
6.5,13.34,3.84,1.62,0.474,2,state_highway,1534.3,18.9,25.7,MEDIUM
0.0,7.4,3.41,8.86,0.466,0,national_highway,1394.8,20.8,27.2,LOW
0.0,6.43,4.04,7.58,0.461,1,state_highway,1423.2,15.1,20.2,LOW
0.0,6.51,4.01,8.24,0.206,0,state_highway,882.1,21.3,41.1,LOW
0.0,13.98,3.32,11.12,0.693,3,state_highway,1087.2,17.9,26.0,LOW
0.0,11.88,3.65,6.3,0.62,0,national_highway,1459.3,23.1,13.5,LOW
0.0,3.31,3.26,10.19,0.843,0,national_highway,865.7,25.0,15.1,LOW
0.0,8.88,2.66,7.27,0.301,0,state_highway,1045.8,25.0,14.2,LOW
3.42,17.11,3.38,10.19,0.432,7,state_highway,749.3,26.0,9.4,HIGH
8.27,9.14,3.26,4.03,0.344,0,national_highway,1007.0,22.0,12.5,LOW
0.0,5.79,4.37,8.53,0.125,0,national_highway,592.0,28.0,16.6,LOW
0.0,15.02,1.91,7.27,0.416,1,state_highway,1221.7,17.7,46.3,MEDIUM
0.0,2.52,3.72,7.87,0.681,1,national_highway,152.0,24.9,9.0,LOW
0.0,2.19,3.46,6.57,0.441,0,national_highway,816.5,29.6,32.7,LOW
0.0,4.86,2.73,10.49,0.35,1,state_highway,1185.9,19.3,15.9,LOW
0.0,10.59,4.44,9.43,0.257,4,national_highway,453.4,21.0,2.8,MEDIUM
0.0,25.7,2.68,2.68,0.249,1,rural_hill_road,1324.5,15.2,13.4,HIGH
0.0,4.36,4.42,8.6,0.156,1,national_highway,251.3,28.4,42.4,LOW
0.0,5.67,3.41,7.63,0.351,0,national_highway,1259.3,23.0,6.7,LOW
0.0,8.16,3.24,11.47,0.479,0,national_highway,393.1,24.6,3.0,LOW
0.0,4.38,3.71,10.55,0.204,2,national_highway,817.3,23.8,23.4,LOW
0.0,5.73,2.86,8.64,0.099,3,rural_hill_road,1934.2,18.1,9.1,MEDIUM
11.15,11.46,4.11,4.2,0.315,1,national_highway,1210.1,22.6,42.4,HIGH
0.18,2.75,3.22,8.31,0.369,2,national_highway,1049.9,18.5,2.8,LOW
0.64,16.66,1.5,6.22,0.347,3,state_highway,1483.6,22.2,24.2,MEDIUM
0.0,8.61,2.36,8.84,0.193,0,state_highway,250.3,20.1,9.3,LOW
13.31,1.26,5.0,3.07,0.54,2,national_highway,1454.3,13.4,3.6,MEDIUM
0.0,6.24,4.8,8.24,0.053,1,state_highway,414.2,23.0,27.6,LOW
0.0,10.04,2.57,7.8,0.244,4,state_highway,601.7,22.9,13.6,MEDIUM
0.0,5.81,3.49,12.0,0.087,0,national_highway,77.4,25.4,17.1,LOW
0.0,11.01,3.76,6.54,0.261,2,national_highway,530.2,30.3,2.0,LOW
5.06,9.44,4.57,4.36,0.273,2,national_highway,892.1,17.2,4.0,LOW
0.0,12.49,3.19,5.43,0.609,1,state_highway,837.9,22.2,12.5,LOW
0.88,7.11,2.76,9.96,0.262,2,state_highway,380.9,29.9,14.5,LOW
0.37,11.11,3.87,7.43,0.513,2,national_highway,639.8,25.5,41.4,LOW
4.42,8.64,4.44,8.23,0.263,0,state_highway,1621.6,17.3,9.2,LOW
0.0,9.75,3.11,0.51,0.626,3,rural_hill_road,1805.1,13.9,8.3,HIGH
1.67,25.16,2.39,10.83,0.785,2,rural_hill_road,1666.6,19.7,19.8,MEDIUM
0.0,16.79,1.98,7.74,0.354,2,state_highway,370.4,26.9,20.5,MEDIUM
0.0,5.97,3.27,10.23,0.12,0,national_highway,1159.1,24.2,2.2,LOW
0.0,7.83,3.94,5.05,0.102,2,national_highway,101.5,27.3,4.5,LOW
0.0,16.27,2.15,8.26,0.117,2,state_highway,1571.5,17.9,13.9,MEDIUM
4.46,3.73,4.06,8.74,0.217,0,national_highway,1096.7,24.7,12.5,LOW
1.94,10.37,3.33,7.66,0.629,5,state_highway,755.5,24.2,8.7,MEDIUM
0.0,16.62,2.92,11.09,0.475,1,rural_hill_road,976.7,20.1,8.4,MEDIUM
3.06,24.06,2.16,9.61,0.639,1,rural_hill_road,1345.5,21.1,16.5,HIGH
0.0,10.03,3.04,2.83,0.515,1,national_highway,1208.8,23.4,24.9,MEDIUM
0.0,17.33,3.43,11.32,0.271,2,state_highway,1785.5,19.6,6.7,MEDIUM
0.0,14.47,4.44,8.84,0.137,1,state_highway,1136.8,16.8,16.0,LOW
0.0,0.8,3.66,11.43,0.538,3,national_highway,1074.0,21.4,9.2,LOW
0.0,2.17,4.77,2.97,0.579,0,state_highway,1670.2,15.0,28.5,LOW
3.27,7.5,4.64,11.96,0.506,1,national_highway,1282.5,25.0,10.0,LOW
0.0,1.7,4.34,5.69,0.609,2,national_highway,1477.6,18.1,10.9,LOW
6.23,3.89,4.0,4.97,0.453,2,national_highway,940.2,26.6,10.8,LOW
0.3,13.61,2.72,9.37,0.404,4,state_highway,1443.3,20.2,3.2,MEDIUM
0.0,9.97,4.41,8.31,0.472,1,state_highway,928.8,23.7,24.0,LOW
1.83,9.58,3.7,7.64,0.564,0,state_highway,1295.9,21.0,16.9,LOW
0.0,11.16,2.65,6.49,0.184,0,state_highway,1725.3,20.0,37.3,MEDIUM
0.0,4.71,3.51,11.62,0.416,0,state_highway,314.8,23.6,20.8,LOW
0.51,6.07,3.55,11.56,0.729,0,rural_hill_road,2415.8,19.2,10.9,MEDIUM
0.0,0.6,4.41,7.32,0.397,1,national_highway,78.8,23.5,19.7,LOW
7.9,14.23,2.39,1.25,0.497,1,rural_hill_road,1922.1,17.3,6.1,HIGH
0.0,11.31,3.54,7.72,0.424,0,national_highway,488.3,24.9,37.6,LOW
0.0,3.46,3.9,9.95,0.075,1,state_highway,632.8,21.2,15.6,LOW
7.14,12.48,2.08,4.78,0.456,4,state_highway,1326.5,15.3,14.9,MEDIUM
0.0,10.27,2.24,9.12,0.295,2,state_highway,707.0,23.3,22.7,MEDIUM
3.67,20.27,2.54,2.27,0.145,2,rural_hill_road,2266.7,18.9,25.9,HIGH
16.74,7.54,2.28,1.57,0.471,0,state_highway,704.4,19.5,11.1,MEDIUM
0.0,24.1,3.17,5.84,0.528,1,rural_hill_road,1675.0,18.9,8.8,HIGH
18.16,4.24,4.56,1.38,0.311,0,national_highway,1247.9,19.4,11.5,MEDIUM
0.0,7.62,3.39,1.91,0.675,1,state_highway,1280.1,25.5,4.6,MEDIUM
3.79,5.87,3.69,9.87,0.37,0,national_highway,687.8,27.9,6.5,LOW
2.02,17.12,3.79,10.71,0.174,2,state_highway,1539.9,18.7,6.4,MEDIUM
0.23,6.01,2.87,8.22,0.372,2,national_highway,1334.3,18.9,14.5,LOW
0.0,8.91,4.08,7.6,0.529,0,national_highway,570.6,24.7,39.5,LOW
4.39,9.04,3.24,1.77,0.476,0,state_highway,1739.4,19.3,10.5,MEDIUM
1.94,8.46,4.44,12.0,0.745,2,national_highway,926.5,20.6,31.5,LOW
0.0,4.22,1.61,8.86,0.642,1,state_highway,1652.6,13.4,27.4,MEDIUM
0.0,16.73,3.23,8.77,0.192,2,state_highway,1119.0,17.6,1.7,MEDIUM
0.0,2.75,2.58,8.74,0.094,0,state_highway,1608.3,18.2,14.5,LOW
0.0,6.3,3.97,9.4,0.699,2,national_highway,820.0,20.4,1.3,LOW
0.0,7.88,3.76,9.22,0.624,0,national_highway,694.9,22.9,9.8,LOW
4.07,11.87,2.46,8.44,0.504,3,rural_hill_road,1094.2,24.7,3.8,HIGH
10.97,7.24,3.25,3.86,0.393,1,state_highway,703.1,26.4,18.0,MEDIUM
5.78,16.13,3.24,3.31,0.46,3,state_highway,770.0,23.4,3.0,MEDIUM
0.0,11.82,4.8,9.65,0.712,2,state_highway,1151.9,16.0,27.5,LOW
2.61,16.82,3.32,7.63,0.199,3,rural_hill_road,1487.1,17.2,14.0,MEDIUM
5.7,1.59,3.94,1.64,0.367,0,national_highway,236.9,30.9,30.8,LOW
0.0,25.94,2.14,9.95,0.568,4,rural_hill_road,1715.3,19.6,7.8,HIGH
7.14,12.55,3.59,3.22,0.695,2,state_highway,1181.6,20.5,5.7,MEDIUM
0.0,9.0,2.51,7.44,0.453,1,state_highway,826.3,30.5,5.4,LOW
0.0,6.46,3.98,9.93,0.075,2,state_highway,585.8,25.3,13.8,LOW
6.84,10.52,4.55,4.42,0.481,0,national_highway,528.6,21.5,13.1,LOW
0.0,9.71,4.7,7.73,0.36,0,national_highway,513.6,25.9,28.5,LOW
0.0,4.03,4.54,6.73,0.376,0,national_highway,1399.8,23.7,12.6,LOW
4.94,11.11,3.96,1.51,0.323,2,national_highway,1302.8,19.4,6.0,MEDIUM
0.0,12.29,2.54,7.09,0.824,6,state_highway,1167.0,22.3,11.1,MEDIUM
0.0,25.26,2.36,1.62,0.186,1,rural_hill_road,2083.8,17.4,14.4,HIGH
0.0,14.8,3.97,3.0,0.657,2,state_highway,1529.6,16.5,7.8,MEDIUM
0.0,23.46,2.06,10.43,0.446,2,rural_hill_road,921.4,20.4,19.3,HIGH
0.0,5.26,4.05,1.82,0.293,2,state_highway,1428.9,14.8,30.9,MEDIUM
0.0,12.89,2.17,7.7,0.475,1,rural_hill_road,1804.9,19.1,6.6,MEDIUM
4.9,14.86,3.85,6.92,0.254,4,state_highway,568.2,22.8,7.7,MEDIUM
0.0,15.94,3.34,7.68,0.419,0,state_highway,627.2,20.5,27.1,LOW
0.0,3.12,3.3,5.54,0.199,0,state_highway,302.7,27.3,9.4,LOW
0.0,11.59,4.3,10.77,0.086,0,national_highway,386.5,25.0,9.1,LOW
0.0,17.45,2.71,2.55,0.49,3,state_highway,1762.0,11.0,2.5,MEDIUM
6.2,5.37,2.4,1.96,0.156,0,state_highway,1475.2,18.6,4.8,MEDIUM
0.0,12.01,2.45,0.88,0.347,2,state_highway,1394.9,19.3,31.7,HIGH
10.28,8.18,1.97,3.35,0.445,2,state_highway,970.8,25.7,7.6,MEDIUM
1.41,13.25,2.97,0.59,0.58,2,rural_hill_road,1765.2,18.7,8.9,HIGH
2.6,7.62,4.43,5.86,0.633,1,national_highway,132.8,32.0,44.9,LOW
3.49,2.4,4.5,6.4,0.123,3,national_highway,365.1,20.0,3.1,LOW
2.16,11.4,4.19,2.37,0.453,0,national_highway,1444.3,27.1,26.0,MEDIUM
0.0,4.27,4.45,2.52,0.903,1,state_highway,1510.6,21.0,2.2,MEDIUM
3.28,11.93,3.37,6.87,0.619,3,national_highway,554.7,26.6,14.1,MEDIUM
0.0,7.41,3.29,2.93,0.167,0,national_highway,1217.4,21.2,12.2,LOW
9.46,2.98,4.44,3.89,0.287,0,national_highway,480.4,29.8,32.9,MEDIUM
7.07,15.92,2.01,2.32,0.404,3,state_highway,236.3,22.3,11.1,MEDIUM
2.89,3.82,4.12,12.0,0.441,0,national_highway,688.3,27.4,17.5,LOW
0.0,12.94,4.8,9.11,0.599,0,state_highway,1068.3,17.7,10.1,LOW
12.39,9.47,5.0,1.25,0.175,0,national_highway,1477.5,22.9,4.6,MEDIUM
0.43,5.9,4.18,8.36,0.485,0,national_highway,1179.4,25.4,21.5,LOW
0.0,14.05,3.32,8.33,0.484,0,state_highway,534.3,24.9,51.1,MEDIUM
0.0,20.8,1.77,7.5,0.53,2,rural_hill_road,1638.6,19.9,18.6,HIGH
0.0,1.85,3.05,6.68,0.222,1,national_highway,1475.3,22.4,26.6,LOW
0.0,12.28,2.72,8.78,0.345,2,state_highway,1742.2,19.0,1.5,MEDIUM
0.0,8.13,3.56,0.91,0.433,0,state_highway,1632.9,20.5,19.4,MEDIUM
0.0,10.29,2.0,7.17,0.404,7,rural_hill_road,2209.2,13.9,14.6,HIGH
0.0,6.89,2.86,5.79,0.717,1,state_highway,415.3,34.4,13.0,LOW
0.0,11.82,3.86,1.01,0.278,2,state_highway,1532.7,14.2,15.0,MEDIUM
0.0,5.47,4.48,6.87,0.138,0,national_highway,1045.5,15.6,4.3,LOW
0.0,4.95,3.41,5.76,0.206,1,state_highway,985.8,24.5,18.7,LOW
0.0,2.72,4.03,8.35,0.414,3,national_highway,1256.8,15.8,41.7,LOW
0.0,11.25,4.29,10.36,0.3,2,state_highway,750.8,23.9,5.5,LOW
5.06,3.69,2.61,4.81,0.258,1,state_highway,763.8,21.2,22.3,LOW
3.4,6.39,3.03,7.99,0.532,0,state_highway,471.6,28.0,30.6,MEDIUM
0.26,14.73,2.88,8.34,0.189,3,state_highway,1750.7,18.4,24.9,MEDIUM
12.94,6.99,3.28,2.28,0.607,1,state_highway,212.3,29.7,7.8,MEDIUM
0.0,4.18,4.78,8.26,0.1,0,national_highway,280.8,23.4,1.8,LOW
1.68,2.18,4.8,5.9,0.443,0,state_highway,741.8,24.1,20.7,LOW
0.0,9.77,3.09,7.56,0.134,0,state_highway,402.1,24.9,30.3,LOW
0.0,16.51,1.79,8.24,0.395,2,state_highway,235.2,31.2,13.2,MEDIUM
0.0,3.22,3.24,7.89,0.148,0,national_highway,1042.2,29.2,6.7,LOW
0.0,14.23,3.59,7.68,0.393,1,state_highway,599.8,23.6,4.9,MEDIUM
8.99,2.16,4.34,1.61,0.271,1,national_highway,1404.9,16.7,27.8,MEDIUM
0.0,15.43,2.79,10.02,0.47,4,rural_hill_road,1551.0,21.4,7.9,MEDIUM
0.0,1.75,3.38,10.06,0.229,0,national_highway,432.2,23.8,9.9,LOW
2.99,4.96,3.22,9.23,0.646,1,state_highway,1267.9,24.6,40.5,LOW
0.0,9.14,4.12,6.75,0.207,1,national_highway,738.1,23.7,15.1,LOW
0.0,3.13,2.25,10.51,0.272,0,state_highway,772.1,27.6,13.7,LOW
0.0,10.95,3.93,8.32,0.081,1,state_highway,1097.4,22.8,22.6,LOW
0.0,10.15,2.62,9.68,0.139,2,state_highway,929.1,22.9,10.9,MEDIUM
0.0,4.88,4.82,0.63,0.931,2,national_highway,1254.5,21.4,3.0,LOW
0.0,11.42,4.56,5.83,0.923,2,national_highway,152.0,33.2,4.1,LOW
3.04,12.03,3.78,9.39,0.272,0,state_highway,1642.2,22.0,20.0,MEDIUM
8.2,7.34,4.43,4.59,0.421,1,state_highway,1744.3,16.1,10.3,MEDIUM
0.0,12.96,4.0,7.88,0.05,2,rural_hill_road,2040.2,20.6,22.1,MEDIUM
19.23,14.48,2.41,2.42,0.553,6,state_highway,476.7,20.7,7.2,HIGH
0.39,11.54,4.83,8.38,0.428,2,national_highway,1436.8,21.0,4.1,LOW
0.0,5.59,4.06,10.22,0.696,0,national_highway,792.7,19.1,20.9,LOW
0.0,7.25,3.59,8.41,0.521,4,national_highway,497.5,22.1,13.7,LOW
0.0,5.69,4.28,7.73,0.648,0,national_highway,524.5,26.1,19.2,LOW
5.16,10.65,3.18,3.57,0.274,1,rural_hill_road,1729.3,15.3,24.3,MEDIUM
0.0,25.17,2.25,8.52,0.852,3,rural_hill_road,706.4,22.0,14.3,HIGH
1.56,20.21,2.23,8.87,0.415,1,rural_hill_road,1198.8,25.3,2.1,MEDIUM
6.42,1.31,4.59,1.55,0.561,0,national_highway,291.3,30.9,32.3,LOW
0.0,11.46,2.46,2.71,0.73,0,rural_hill_road,1778.1,19.0,14.1,HIGH
1.85,2.0,3.68,10.49,0.276,0,national_highway,430.5,31.2,19.8,LOW
16.14,10.94,2.35,1.24,0.603,0,state_highway,704.1,26.3,17.0,HIGH
0.0,17.76,3.12,11.39,0.534,3,state_highway,1744.5,14.1,8.7,MEDIUM
0.0,9.65,2.11,2.31,0.313,4,rural_hill_road,1275.7,23.9,12.7,MEDIUM
1.7,6.25,3.17,10.06,0.627,1,state_highway,1158.3,15.1,8.5,LOW
0.68,2.19,3.33,10.11,0.381,3,national_highway,470.9,27.6,9.6,LOW
0.0,11.94,3.7,10.94,0.568,3,national_highway,1169.2,22.8,12.6,LOW
0.0,3.71,4.58,12.0,0.682,2,state_highway,377.7,23.6,30.5,LOW
17.82,7.84,2.92,0.56,0.819,0,national_highway,767.5,17.4,6.2,MEDIUM
0.0,22.2,2.56,1.52,0.511,5,rural_hill_road,1570.1,20.4,20.7,HIGH
0.0,14.94,3.54,0.48,0.207,4,rural_hill_road,1788.3,13.1,14.0,HIGH
4.44,10.83,2.8,6.89,0.373,1,national_highway,725.6,23.6,13.4,LOW
0.0,5.35,4.24,5.97,0.1,0,state_highway,600.0,20.6,27.8,LOW
0.0,6.31,3.94,2.93,0.205,0,national_highway,1260.3,24.5,7.7,LOW
0.0,16.92,3.64,7.01,0.051,1,state_highway,1112.7,22.7,9.4,LOW
0.0,14.5,3.31,8.71,0.349,0,state_highway,533.6,29.4,10.5,MEDIUM
0.0,5.82,3.67,0.53,0.163,1,state_highway,1391.1,18.3,20.6,MEDIUM
0.0,10.27,2.21,6.0,0.456,3,state_highway,706.4,17.5,33.7,MEDIUM
16.35,7.24,2.18,0.5,0.627,1,state_highway,271.8,32.2,15.2,HIGH
0.0,6.42,3.53,6.73,0.338,1,national_highway,1280.1,25.7,26.5,LOW
1.22,19.01,3.32,4.01,0.843,6,rural_hill_road,2443.3,8.7,3.8,HIGH
0.0,11.93,4.82,7.48,0.489,2,national_highway,184.9,23.1,4.8,LOW
0.0,11.23,4.02,8.36,0.239,1,national_highway,856.1,25.8,22.7,LOW
0.0,10.07,2.75,8.13,0.715,2,state_highway,601.7,26.2,29.7,MEDIUM
0.0,3.0,4.48,8.42,0.354,3,national_highway,573.1,18.8,1.0,LOW
8.05,9.83,4.21,2.59,0.18,0,state_highway,756.5,24.1,14.5,MEDIUM
0.0,8.76,4.8,10.66,0.703,0,state_highway,1305.6,16.2,12.4,LOW
0.0,14.13,3.88,4.54,0.202,2,state_highway,439.7,27.1,9.6,LOW
0.0,4.21,3.69,7.51,0.228,0,national_highway,1143.5,21.6,11.9,LOW
0.0,2.59,2.97,6.37,0.125,1,national_highway,723.2,27.1,5.7,LOW
0.0,5.12,2.62,2.39,0.867,2,state_highway,1510.1,18.9,20.7,MEDIUM
0.0,12.04,2.54,1.05,0.378,0,state_highway,1424.0,22.8,26.8,MEDIUM
11.96,5.28,4.38,1.38,0.586,1,national_highway,1379.7,23.1,5.7,MEDIUM
0.0,17.31,2.56,6.58,0.048,3,state_highway,390.3,25.5,11.0,MEDIUM
0.0,4.94,2.67,8.65,0.672,1,state_highway,1546.8,17.5,15.9,LOW
0.0,4.58,4.11,10.45,0.421,0,national_highway,423.9,29.0,8.7,LOW
7.01,9.13,3.59,3.77,0.424,1,state_highway,320.0,33.9,2.1,MEDIUM
0.0,6.82,3.27,8.23,0.371,0,national_highway,1020.9,25.2,9.8,LOW
0.0,14.27,3.24,8.88,0.16,5,state_highway,1018.4,20.3,14.9,MEDIUM
0.76,14.24,3.43,5.55,0.892,2,state_highway,341.2,28.1,14.3,MEDIUM
10.75,5.85,3.84,4.35,0.766,4,state_highway,1405.6,20.0,13.6,HIGH
0.0,1.79,3.44,6.71,0.765,0,national_highway,1293.4,16.2,7.8,LOW
0.54,3.2,3.14,11.12,0.178,2,state_highway,1197.6,20.1,1.3,LOW
0.0,6.58,3.57,7.51,0.4,0,national_highway,810.0,22.8,12.5,LOW
14.19,13.56,2.39,2.78,0.176,4,rural_hill_road,1791.1,14.8,15.2,HIGH
2.06,3.02,4.88,4.9,0.212,2,national_highway,610.6,23.9,23.4,LOW
3.7,11.64,1.71,2.79,0.124,2,rural_hill_road,1697.4,20.7,16.4,HIGH
0.0,6.82,3.54,1.11,0.484,2,national_highway,1304.0,21.5,8.0,LOW
0.0,5.47,4.61,6.44,0.708,0,national_highway,675.6,23.2,14.3,LOW
0.0,3.49,3.91,9.88,0.782,0,national_highway,63.2,25.3,13.2,LOW
0.0,9.35,2.71,9.81,0.303,0,state_highway,1140.2,21.8,5.1,LOW
12.91,22.71,1.75,4.38,0.256,2,rural_hill_road,2197.5,19.8,6.2,HIGH
3.44,3.78,3.89,8.99,0.654,0,national_highway,890.8,29.1,4.4,LOW
0.51,23.59,2.87,10.59,0.364,4,rural_hill_road,1587.4,14.5,5.9,HIGH
0.0,19.15,2.01,2.04,0.596,2,rural_hill_road,1386.9,24.7,26.1,HIGH
0.0,11.11,3.8,10.02,0.696,4,national_highway,731.5,27.2,33.0,MEDIUM
0.0,4.83,4.73,1.16,0.334,0,national_highway,1494.0,15.2,15.9,LOW
0.0,6.81,2.66,7.86,0.106,0,state_highway,265.2,28.1,18.1,LOW
0.61,11.18,3.74,9.41,0.347,2,national_highway,747.6,25.5,7.4,LOW
0.72,10.82,3.92,9.13,0.279,2,national_highway,702.9,27.0,21.6,LOW
0.0,4.62,3.59,5.68,0.485,1,state_highway,1630.7,24.0,24.7,LOW
0.0,9.27,3.25,9.57,0.433,2,national_highway,209.6,29.4,2.9,LOW
15.04,15.33,2.16,1.17,0.269,4,state_highway,647.4,30.6,47.6,HIGH
0.66,20.98,4.0,9.86,0.447,2,rural_hill_road,1080.3,20.8,4.9,MEDIUM
0.0,15.36,1.37,6.14,0.77,1,rural_hill_road,1567.2,18.1,16.9,MEDIUM
0.0,17.5,2.52,1.19,0.285,2,rural_hill_road,1762.8,14.3,14.3,HIGH
0.0,15.93,2.4,11.32,0.478,2,rural_hill_road,1316.6,19.6,19.5,MEDIUM
0.0,2.15,4.83,12.0,0.219,2,national_highway,568.8,30.7,43.8,LOW
1.19,22.05,3.52,1.62,0.515,3,rural_hill_road,2449.7,13.3,37.8,HIGH
0.0,8.06,3.21,8.33,0.216,3,national_highway,950.6,17.5,3.0,LOW
0.0,5.07,4.07,12.0,0.151,1,national_highway,1230.0,22.4,14.1,LOW
0.0,2.34,2.43,1.33,0.202,1,state_highway,1794.6,12.7,6.6,MEDIUM
0.0,2.42,4.49,10.39,0.284,0,national_highway,280.7,26.5,2.4,LOW
0.0,8.54,4.36,10.67,0.28,1,national_highway,753.4,22.5,23.0,LOW
0.0,12.47,3.46,8.04,0.333,3,state_highway,757.7,22.7,46.1,MEDIUM
1.51,2.42,4.02,9.61,0.197,1,national_highway,354.9,26.3,15.3,LOW
0.0,3.44,4.34,9.4,0.161,1,national_highway,410.3,27.9,4.1,LOW
0.44,9.21,3.15,0.57,0.759,0,national_highway,1307.5,17.7,8.8,MEDIUM
2.35,1.89,4.44,8.95,0.137,1,national_highway,1221.4,21.0,2.3,LOW
0.0,15.43,2.66,4.72,0.58,2,state_highway,395.3,28.4,26.1,MEDIUM
0.0,23.25,2.92,11.08,0.115,2,rural_hill_road,1886.9,22.1,9.0,HIGH
0.0,5.33,4.97,8.44,0.661,0,national_highway,548.8,23.8,8.6,LOW
0.0,7.18,4.73,7.73,0.487,2,national_highway,1144.7,26.9,15.7,LOW
0.0,19.35,3.02,11.38,0.105,3,rural_hill_road,2490.9,16.7,5.9,HIGH
0.0,13.92,2.54,0.52,0.594,5,rural_hill_road,1244.5,26.2,12.5,HIGH
0.0,6.55,4.19,11.76,0.233,0,state_highway,1692.2,18.6,20.0,LOW
1.43,23.56,1.0,3.02,0.348,1,rural_hill_road,1874.2,15.1,16.5,HIGH
0.0,23.24,1.74,0.56,0.171,3,rural_hill_road,1207.7,24.6,47.3,HIGH
9.01,11.62,4.75,3.45,0.448,2,national_highway,1057.8,16.8,31.2,MEDIUM
10.92,3.78,2.84,4.3,0.662,1,state_highway,935.1,28.6,16.8,MEDIUM
3.98,2.62,4.06,8.94,0.128,0,national_highway,1102.2,19.8,19.1,LOW
15.63,11.64,3.05,1.99,0.293,3,rural_hill_road,1949.6,19.0,39.8,HIGH
0.0,4.28,2.85,9.54,0.872,1,national_highway,1259.7,16.1,15.3,LOW
4.08,8.07,3.0,7.41,0.278,1,state_highway,1074.4,25.5,4.4,MEDIUM
15.37,17.89,3.28,1.21,0.247,4,state_highway,1377.9,19.5,11.6,HIGH
9.2,10.81,3.64,1.42,0.698,0,state_highway,838.2,23.9,25.8,MEDIUM
0.0,14.74,2.61,8.19,0.379,5,state_highway,1680.5,23.3,10.5,MEDIUM
1.65,2.18,4.61,12.0,0.506,0,national_highway,75.4,28.5,6.4,LOW
2.31,7.8,4.09,11.1,0.14,1,state_highway,242.9,22.7,18.1,LOW
0.0,5.47,3.95,8.71,0.304,1,national_highway,534.4,25.6,13.5,LOW
0.0,1.27,3.29,10.8,0.341,0,national_highway,1481.2,21.2,12.7,LOW
12.23,12.99,4.1,3.53,0.31,2,state_highway,668.8,19.7,16.9,MEDIUM
0.0,4.32,2.98,9.04,0.079,2,state_highway,488.0,24.7,17.9,LOW
0.0,5.53,3.41,11.64,0.52,1,state_highway,665.8,21.4,5.9,MEDIUM
0.0,24.93,1.79,7.93,0.146,4,rural_hill_road,2260.2,15.6,20.0,HIGH
0.0,21.14,3.23,6.43,0.337,0,rural_hill_road,2294.4,19.1,16.4,MEDIUM
8.23,11.54,3.99,1.71,0.485,5,state_highway,1606.8,18.6,21.2,HIGH
0.0,6.86,3.05,10.08,0.15,2,rural_hill_road,753.5,28.0,29.3,MEDIUM
0.0,4.83,2.84,8.49,0.6,0,state_highway,889.8,20.1,26.6,LOW
2.87,14.29,2.43,12.0,0.371,2,rural_hill_road,1769.3,12.4,8.1,HIGH
0.0,11.0,4.56,8.71,0.465,1,national_highway,1265.3,23.9,12.8,LOW
0.0,10.65,4.67,11.48,0.127,2,national_highway,191.3,31.2,9.9,LOW
7.46,14.06,1.9,1.47,0.279,5,rural_hill_road,775.9,23.4,2.3,HIGH
0.0,11.96,2.6,12.0,0.504,1,state_highway,563.4,25.3,10.4,MEDIUM
2.12,12.84,3.93,10.17,0.156,2,state_highway,658.8,25.1,10.7,MEDIUM
4.15,3.96,3.76,6.59,0.103,1,national_highway,443.7,21.6,8.3,LOW
0.0,11.44,3.14,11.55,0.522,2,national_highway,1148.7,23.0,35.8,MEDIUM
0.0,5.62,1.43,6.86,0.149,1,rural_hill_road,1163.9,15.9,10.8,MEDIUM
8.43,4.47,4.35,3.47,0.896,2,national_highway,632.1,20.4,30.4,MEDIUM
0.0,9.53,4.29,8.27,0.536,1,state_highway,1070.0,17.7,22.7,LOW
2.42,3.55,4.03,8.78,0.215,0,national_highway,741.5,24.0,17.9,LOW
0.0,12.28,3.59,5.13,0.284,3,state_highway,1435.0,19.4,16.4,MEDIUM
0.0,1.9,3.48,6.75,0.703,4,national_highway,127.3,31.2,11.6,LOW
0.0,10.01,4.16,7.71,0.075,4,national_highway,1452.7,23.4,17.0,LOW
0.0,11.26,3.71,7.84,0.862,3,national_highway,828.3,24.3,6.4,LOW
13.66,10.91,3.37,2.08,0.222,3,national_highway,848.1,23.6,9.1,HIGH
8.48,12.1,3.21,3.32,0.216,2,state_highway,361.4,34.3,27.6,MEDIUM
0.0,1.23,3.89,9.73,0.796,0,national_highway,1292.3,17.3,8.8,LOW
0.0,10.2,2.25,7.74,0.329,1,state_highway,917.7,21.6,17.3,MEDIUM
0.53,8.61,1.62,10.97,0.309,1,rural_hill_road,1149.2,17.1,41.3,MEDIUM
0.0,14.22,4.8,5.43,0.148,2,state_highway,646.7,25.7,25.6,LOW
5.33,6.12,4.06,3.4,0.614,0,national_highway,182.8,27.9,37.5,LOW
0.0,7.38,2.64,8.6,0.721,1,state_highway,1059.7,26.8,4.5,LOW
9.17,18.44,2.8,2.53,0.882,3,rural_hill_road,1912.3,14.6,13.8,HIGH
8.01,9.65,4.05,4.09,0.484,0,state_highway,1169.1,19.5,11.6,MEDIUM
4.9,5.46,4.07,7.45,0.879,1,national_highway,683.1,28.5,13.5,LOW
0.0,6.11,4.57,9.86,0.201,1,national_highway,281.4,33.5,15.9,LOW
11.98,13.15,1.86,3.14,0.192,1,state_highway,1357.1,16.0,13.8,HIGH
0.0,13.84,3.6,7.52,0.578,3,state_highway,669.0,21.8,6.7,MEDIUM
0.0,8.29,4.21,7.72,0.351,0,national_highway,1094.3,15.3,18.8,LOW
2.96,13.4,2.86,8.08,0.717,2,state_highway,1674.5,16.4,22.8,MEDIUM
0.0,2.1,4.89,5.9,0.503,0,national_highway,212.7,31.7,9.4,LOW
0.0,5.11,1.61,2.04,0.601,1,rural_hill_road,1297.5,15.1,10.0,MEDIUM
0.0,5.63,2.93,1.32,0.506,1,rural_hill_road,1664.9,17.2,15.4,MEDIUM
0.0,9.41,2.94,10.78,0.218,2,rural_hill_road,2521.7,8.4,11.9,MEDIUM
1.16,14.45,4.23,11.64,0.59,4,state_highway,560.7,25.2,5.0,LOW
0.61,4.61,3.08,6.86,0.451,1,national_highway,730.4,18.5,7.7,LOW
0.0,9.31,4.66,9.1,0.399,1,national_highway,901.2,27.8,9.2,LOW
0.0,3.65,3.7,9.67,0.308,0,state_highway,1022.3,21.6,28.7,LOW
3.07,13.38,1.95,1.11,0.312,2,rural_hill_road,2503.2,12.7,13.3,HIGH
0.0,15.57,2.12,9.81,0.306,1,rural_hill_road,2134.3,16.1,2.8,MEDIUM
0.0,9.2,3.52,2.04,0.072,2,national_highway,1396.6,17.9,2.8,LOW
2.35,11.07,5.0,8.5,0.273,0,national_highway,582.5,22.8,15.6,LOW
0.0,14.23,3.8,7.98,0.06,2,state_highway,1723.3,15.8,9.6,MEDIUM
0.0,24.11,1.91,7.85,0.421,4,rural_hill_road,1957.4,17.6,7.6,HIGH
0.0,4.22,3.8,8.68,0.439,4,national_highway,1030.1,23.0,18.4,LOW
0.0,8.39,3.22,6.31,0.556,1,state_highway,432.4,32.1,17.2,LOW
0.0,19.41,2.27,3.61,0.596,3,rural_hill_road,915.1,24.5,10.8,HIGH
0.7,11.84,3.78,9.22,0.276,2,national_highway,602.3,26.3,2.8,LOW
0.0,13.3,4.8,8.14,0.654,0,state_highway,1604.9,21.9,23.5,LOW
3.19,5.01,4.23,8.93,0.433,0,state_highway,642.3,22.7,9.9,LOW
7.66,5.03,5.0,4.85,0.103,1,national_highway,887.8,24.2,4.7,LOW
0.0,7.81,4.47,10.09,0.534,0,national_highway,675.0,21.8,23.6,LOW
34.84,8.74,2.49,0.47,0.199,0,national_highway,1295.1,17.0,6.9,HIGH
0.0,15.0,3.57,8.82,0.294,3,state_highway,387.9,28.1,9.1,MEDIUM
0.0,7.08,3.8,8.98,0.626,0,national_highway,875.0,31.0,19.1,LOW
12.31,16.27,4.1,4.17,0.255,7,state_highway,964.6,19.6,8.8,HIGH
0.0,1.78,4.95,7.31,0.148,1,national_highway,707.2,22.1,4.8,LOW
0.0,2.47,3.0,9.58,0.181,2,state_highway,1516.3,18.1,7.5,LOW
0.0,6.44,4.75,7.14,0.324,0,national_highway,1111.8,26.3,17.3,LOW
0.0,8.82,3.82,5.69,0.093,1,national_highway,934.7,21.3,17.0,LOW
0.0,0.94,3.92,7.54,0.097,1,national_highway,881.3,25.4,4.9,LOW
0.0,6.08,4.09,10.05,0.418,0,national_highway,269.4,27.4,14.7,LOW
2.23,8.22,3.19,11.84,0.294,0,state_highway,449.0,29.9,26.3,LOW
0.0,15.91,3.8,6.58,0.547,3,state_highway,567.7,20.6,10.0,MEDIUM
0.0,5.98,4.06,10.62,0.088,2,national_highway,658.5,24.3,2.1,LOW
1.97,3.85,3.53,11.37,0.227,2,state_highway,1647.4,16.2,9.5,LOW
0.0,13.57,3.36,8.11,0.299,2,state_highway,362.9,21.8,7.4,MEDIUM
0.12,4.89,4.38,10.55,0.06,0,national_highway,257.5,28.7,13.1,LOW
0.27,7.54,3.22,6.24,0.693,0,state_highway,599.7,18.2,15.3,LOW
0.25,14.85,3.12,1.85,0.426,1,state_highway,1606.4,17.4,8.3,MEDIUM
0.0,11.13,3.95,6.96,0.136,1,state_highway,937.6,22.6,31.8,LOW
5.7,11.77,5.0,3.81,0.302,3,national_highway,1026.1,18.8,4.8,MEDIUM
0.0,7.67,3.6,9.79,0.361,0,state_highway,497.6,18.2,22.7,LOW
48.0,22.12,2.79,2.06,0.196,5,rural_hill_road,1093.3,19.4,7.4,HIGH
0.0,15.03,2.19,6.74,0.647,0,rural_hill_road,1818.7,21.9,19.1,MEDIUM
0.0,8.18,3.89,6.78,0.686,0,national_highway,1474.8,21.4,12.8,LOW
10.41,18.45,1.87,4.24,0.56,9,rural_hill_road,1895.9,15.7,22.4,HIGH
0.0,1.13,3.52,8.05,0.236,0,national_highway,762.5,23.3,18.0,LOW
2.46,8.42,5.0,9.29,0.371,0,national_highway,542.1,28.0,31.8,LOW
0.0,17.07,1.69,1.3,0.29,1,rural_hill_road,2481.7,5.7,11.3,HIGH
0.0,1.59,3.9,5.22,0.866,0,national_highway,809.4,16.4,7.9,LOW
0.0,17.76,2.72,7.26,0.037,1,state_highway,1454.1,21.4,8.4,MEDIUM
3.81,10.95,3.53,11.36,0.72,1,state_highway,1150.8,18.7,9.8,MEDIUM
0.0,14.77,2.18,1.98,0.16,0,rural_hill_road,1339.2,16.4,10.6,MEDIUM
0.0,19.28,2.29,8.82,0.551,3,rural_hill_road,872.5,25.0,4.4,HIGH
0.0,9.69,2.15,11.16,0.689,3,rural_hill_road,2025.3,17.0,5.5,MEDIUM
0.0,1.32,3.08,8.1,0.166,1,national_highway,1267.2,26.0,33.2,LOW
2.07,3.11,3.46,7.4,0.369,3,national_highway,721.6,24.0,2.3,LOW
0.0,10.49,4.17,11.59,0.111,2,state_highway,924.8,28.2,31.8,MEDIUM
0.15,14.25,3.3,12.0,0.897,1,state_highway,258.6,31.2,9.3,MEDIUM
18.93,9.64,1.84,1.39,0.251,0,state_highway,933.6,24.4,14.1,HIGH
11.27,11.69,1.94,2.66,0.319,5,rural_hill_road,1304.4,21.7,6.7,HIGH
0.0,13.2,2.63,8.72,0.627,1,state_highway,663.9,22.8,8.6,LOW
0.0,5.33,3.68,8.33,0.271,0,national_highway,1417.3,14.6,7.7,LOW
0.0,8.35,2.86,8.64,0.248,2,state_highway,462.5,28.8,17.1,LOW
4.43,15.76,2.62,12.0,0.35,0,state_highway,241.9,27.6,13.2,MEDIUM
24.18,5.41,2.68,2.04,0.228,1,state_highway,1687.3,23.5,38.7,HIGH
0.0,3.66,2.58,4.75,0.374,4,state_highway,798.4,22.0,28.1,LOW
3.79,3.44,4.72,5.75,0.693,2,national_highway,465.4,28.4,10.5,LOW
3.74,6.33,4.76,11.07,0.709,0,state_highway,896.7,29.6,17.2,LOW
13.02,3.8,2.41,3.09,0.049,0,state_highway,696.4,26.2,13.3,MEDIUM
0.0,16.15,2.16,6.62,0.132,3,state_highway,273.5,30.6,8.3,MEDIUM
8.22,2.37,2.21,1.95,0.367,1,state_highway,1563.1,19.5,15.9,MEDIUM
0.0,12.34,3.6,6.92,0.316,2,state_highway,1016.9,21.7,15.3,MEDIUM
0.0,17.17,2.79,7.46,0.356,0,rural_hill_road,1875.8,13.5,27.9,MEDIUM
0.0,3.31,3.45,8.02,0.18,0,national_highway,440.7,26.3,15.5,LOW
0.0,12.29,4.2,9.62,0.203,1,state_highway,226.2,28.5,9.5,LOW
0.0,0.6,4.78,10.71,0.501,1,national_highway,868.8,21.9,19.9,LOW
4.0,6.17,4.98,7.88,0.577,1,national_highway,247.4,21.7,7.3,LOW
12.46,11.4,3.77,3.8,0.501,2,national_highway,456.5,28.4,8.5,HIGH
0.0,9.63,1.94,6.52,0.243,0,rural_hill_road,2315.3,15.4,11.1,MEDIUM
14.96,9.84,3.4,2.93,0.452,1,state_highway,1781.2,16.6,9.2,MEDIUM
0.0,11.85,1.55,2.04,0.523,1,rural_hill_road,1970.9,16.8,12.4,MEDIUM
0.0,9.66,1.12,9.04,0.258,3,rural_hill_road,1040.6,25.4,14.2,MEDIUM
7.04,21.96,2.85,3.98,0.278,1,rural_hill_road,899.0,28.0,4.1,MEDIUM
0.0,2.25,3.75,9.97,0.567,1,national_highway,94.5,30.6,16.2,LOW
10.05,11.26,3.33,3.22,0.73,1,national_highway,1006.1,19.0,4.8,HIGH
3.47,16.17,2.86,11.36,0.489,2,state_highway,1645.5,23.5,33.1,HIGH
0.0,11.8,3.83,0.7,0.333,3,national_highway,1298.6,23.6,30.4,MEDIUM
0.0,8.07,3.19,6.57,0.612,0,national_highway,173.8,29.8,9.1,LOW
0.0,18.98,2.37,7.68,0.11,2,rural_hill_road,1969.7,16.3,41.2,HIGH
0.0,1.96,3.95,8.91,0.475,0,national_highway,723.4,19.8,12.8,LOW
8.35,11.56,4.95,1.35,0.17,1,national_highway,717.6,26.4,11.1,MEDIUM
0.0,11.77,4.77,8.23,0.399,2,national_highway,612.6,29.9,7.3,LOW
9.59,2.55,4.48,3.45,0.66,2,national_highway,103.7,30.9,19.2,LOW
0.0,0.94,4.2,9.84,0.69,0,national_highway,353.5,26.3,20.8,LOW
2.05,14.4,3.05,10.29,0.312,4,state_highway,1796.6,20.4,29.1,MEDIUM
0.0,13.44,3.95,2.55,0.167,2,state_highway,1566.7,13.5,9.7,MEDIUM
0.0,16.92,3.28,5.26,0.284,2,state_highway,1601.4,14.7,17.1,MEDIUM
0.0,15.07,1.59,8.23,0.417,7,rural_hill_road,790.3,21.1,29.6,HIGH
0.0,9.7,4.61,6.3,0.515,0,national_highway,291.9,23.7,24.3,LOW
6.89,5.48,1.83,2.83,0.29,0,state_highway,1228.3,19.2,7.6,MEDIUM
13.0,17.66,2.81,2.46,0.778,3,rural_hill_road,2396.5,12.2,9.3,HIGH
11.14,8.64,1.85,4.34,0.564,2,rural_hill_road,2234.0,15.7,6.0,HIGH
0.0,5.23,4.59,4.79,0.428,1,national_highway,840.3,26.1,9.8,LOW
0.0,12.2,4.57,8.35,0.655,3,state_highway,1730.8,10.9,13.1,MEDIUM
8.29,9.72,2.82,1.62,0.768,3,state_highway,1198.8,14.9,7.4,HIGH
0.0,14.58,1.28,12.0,0.505,3,rural_hill_road,863.0,19.3,12.3,MEDIUM
5.8,10.47,4.42,2.09,0.277,3,national_highway,1214.9,25.8,17.7,MEDIUM
0.0,5.81,4.54,7.35,0.601,0,national_highway,631.5,21.4,37.1,LOW
4.3,7.6,4.77,5.47,0.736,3,national_highway,1401.0,28.5,6.3,LOW
0.0,3.48,3.91,8.32,0.648,0,national_highway,775.5,17.3,4.8,LOW
0.0,12.87,3.65,7.84,0.539,2,state_highway,452.2,29.3,8.6,LOW
0.0,5.78,4.66,6.31,0.234,2,national_highway,1005.8,20.4,19.8,LOW
0.0,0.52,3.42,6.3,0.592,1,national_highway,924.5,24.7,9.7,LOW
0.0,7.51,2.85,8.26,0.102,0,state_highway,1095.7,18.7,7.5,LOW
13.35,11.73,4.46,1.81,0.431,5,national_highway,1037.4,22.7,12.8,HIGH
0.0,2.26,5.0,11.0,0.042,0,national_highway,1192.6,25.1,10.3,LOW
0.56,3.13,4.98,8.59,0.107,2,national_highway,283.1,28.5,6.1,LOW
0.0,11.62,2.15,9.7,0.53,1,state_highway,1731.3,18.3,3.9,MEDIUM
1.14,5.29,3.92,10.79,0.369,0,national_highway,377.8,24.9,16.6,LOW
0.06,2.84,3.27,9.03,0.438,3,state_highway,1403.5,25.0,16.4,LOW
4.55,3.1,3.13,10.61,0.465,0,state_highway,1790.2,13.5,4.5,LOW
0.0,19.62,1.98,7.56,0.602,0,rural_hill_road,2296.8,11.6,13.9,HIGH
1.67,4.29,5.0,8.99,0.648,1,national_highway,752.6,27.4,12.9,LOW
9.52,4.57,4.0,3.55,0.668,0,national_highway,835.4,20.0,3.5,LOW
2.09,9.82,4.74,8.74,0.64,0,national_highway,691.6,30.8,23.5,LOW
0.0,9.42,4.2,8.12,0.216,2,national_highway,479.8,24.1,15.1,LOW
14.37,9.38,4.24,4.97,0.202,1,national_highway,145.3,26.1,12.2,MEDIUM
23.52,2.67,5.0,1.53,0.455,0,national_highway,444.0,25.5,18.1,MEDIUM
6.61,17.94,2.47,1.77,0.702,1,state_highway,578.4,23.3,10.0,MEDIUM
0.0,7.09,4.96,5.91,0.215,2,national_highway,735.5,24.9,20.4,LOW
0.0,6.56,4.69,10.01,0.272,0,national_highway,329.0,25.6,22.5,LOW
0.0,10.82,3.83,8.77,0.218,1,national_highway,496.0,24.0,7.9,LOW
17.06,7.28,4.55,1.96,0.553,1,national_highway,187.1,30.8,7.2,MEDIUM
0.0,13.39,4.14,8.87,0.159,1,state_highway,457.5,20.6,6.9,LOW
0.0,8.41,4.53,8.63,0.063,1,national_highway,440.1,20.5,17.3,LOW
0.12,12.43,2.48,12.0,0.35,2,state_highway,1366.9,19.6,11.2,LOW
0.0,8.01,2.7,1.53,0.358,3,rural_hill_road,2298.3,12.6,37.6,MEDIUM
0.0,5.6,4.07,7.61,0.619,1,state_highway,646.8,22.7,11.6,LOW
0.0,1.11,4.42,6.56,0.784,2,national_highway,793.0,20.4,2.8,LOW
0.0,17.51,3.33,10.55,0.466,1,state_highway,442.7,24.9,2.2,LOW
0.0,7.85,5.0,2.25,0.623,0,national_highway,1363.4,28.7,4.9,LOW
0.0,9.38,4.1,8.53,0.566,2,national_highway,942.7,28.1,20.3,LOW
7.75,3.31,3.71,4.2,0.501,2,national_highway,396.6,26.8,16.0,LOW
0.0,5.28,3.7,6.72,0.72,1,national_highway,120.7,23.8,23.4,LOW
1.87,17.08,3.74,8.63,0.875,2,state_highway,1191.4,19.0,7.3,MEDIUM
5.11,7.29,4.0,1.77,0.491,2,rural_hill_road,1681.4,18.1,18.8,MEDIUM
0.0,11.28,4.62,10.8,0.201,2,national_highway,194.3,31.4,2.9,LOW
0.0,3.54,3.67,8.62,0.477,2,national_highway,582.8,27.2,8.9,LOW
0.0,2.71,4.54,11.19,0.292,0,national_highway,419.3,30.8,2.3,LOW
0.39,6.3,3.98,9.07,0.713,1,national_highway,1076.3,26.1,33.5,LOW
0.0,14.87,4.0,10.68,0.589,5,state_highway,1425.7,23.3,42.4,MEDIUM
4.16,4.5,4.46,8.24,0.29,2,national_highway,355.2,27.6,21.6,LOW
7.54,16.21,1.75,2.75,0.608,2,rural_hill_road,1385.6,21.0,6.9,HIGH
3.84,11.37,4.38,8.97,0.225,1,national_highway,978.1,22.1,1.1,LOW
0.0,2.65,3.45,7.11,0.733,1,national_highway,957.8,23.4,23.6,LOW
8.23,12.02,2.25,2.52,0.49,3,rural_hill_road,2185.1,16.0,12.7,HIGH
0.0,8.59,3.14,4.78,0.236,0,state_highway,1557.9,19.3,19.8,LOW
4.19,14.42,2.78,7.65,0.399,0,rural_hill_road,1484.2,23.4,32.4,MEDIUM
0.0,18.65,1.78,6.64,0.347,5,rural_hill_road,2410.4,13.8,28.9,HIGH
0.0,6.98,4.82,6.24,0.396,0,national_highway,1054.9,17.5,9.6,LOW
14.15,3.12,4.13,4.86,0.505,2,national_highway,1001.9,19.1,5.5,MEDIUM
0.0,14.03,2.64,4.11,0.332,1,state_highway,835.7,25.7,3.1,LOW
1.87,15.34,1.15,9.69,0.712,3,rural_hill_road,951.2,17.0,27.4,MEDIUM
0.0,6.8,1.95,1.38,0.659,4,rural_hill_road,1839.2,17.2,8.9,MEDIUM
0.0,4.98,3.19,8.78,0.66,1,national_highway,1211.1,21.9,9.8,LOW
0.0,6.04,3.03,11.82,0.21,1,state_highway,281.8,23.0,11.7,LOW
1.07,3.44,2.43,9.59,0.262,1,state_highway,389.0,25.3,29.1,LOW
0.36,2.06,4.21,9.21,0.159,0,national_highway,586.1,27.8,8.9,LOW
5.44,12.71,4.35,4.67,0.613,3,state_highway,1773.4,22.1,31.0,MEDIUM
0.0,12.34,2.23,6.26,0.513,3,rural_hill_road,718.1,28.2,17.1,MEDIUM
0.0,0.53,2.97,8.6,0.269,0,national_highway,264.3,27.0,15.5,LOW
20.84,4.41,2.72,0.62,0.19,2,state_highway,1013.5,25.0,16.3,HIGH
8.34,7.34,3.29,1.98,0.232,0,national_highway,649.1,25.6,6.8,MEDIUM
0.0,18.53,2.64,6.82,0.108,3,rural_hill_road,1592.9,13.6,12.6,HIGH
0.0,4.32,3.25,5.03,0.602,0,state_highway,1357.9,24.0,7.7,LOW
0.0,7.57,2.89,10.01,0.665,2,state_highway,653.0,20.9,16.2,LOW
32.52,7.85,4.81,1.86,0.717,2,national_highway,87.8,22.5,11.1,HIGH
0.0,7.72,3.35,0.65,0.307,1,national_highway,1206.6,21.5,6.2,MEDIUM
0.0,15.35,2.88,8.43,0.793,5,state_highway,299.6,22.3,16.1,MEDIUM
0.0,7.58,3.45,9.73,0.156,0,state_highway,1174.6,22.7,25.2,LOW
0.0,7.65,3.46,10.16,0.247,1,state_highway,571.3,24.0,6.3,LOW
12.82,15.97,3.77,2.78,0.234,6,state_highway,753.2,25.6,14.3,HIGH
0.0,15.8,3.0,6.34,0.052,3,state_highway,1198.8,16.4,4.5,MEDIUM
2.81,25.45,1.62,2.08,0.319,3,rural_hill_road,2470.0,12.8,8.7,HIGH
0.0,2.99,4.0,12.0,0.32,1,national_highway,219.6,32.2,11.7,LOW
10.98,0.95,4.18,4.83,0.564,1,national_highway,856.7,20.8,3.2,LOW
0.0,5.91,4.41,5.89,0.413,0,national_highway,1237.0,18.0,4.3,LOW
4.87,10.65,3.88,7.75,0.255,2,national_highway,1381.3,17.7,5.5,MEDIUM
0.0,16.82,2.39,9.38,0.472,5,rural_hill_road,2256.2,16.0,14.5,HIGH
26.5,8.84,4.48,1.29,0.53,1,national_highway,141.6,32.5,25.5,MEDIUM
0.0,14.57,3.73,10.77,0.639,1,state_highway,671.8,23.6,22.9,LOW
0.0,13.05,1.34,10.38,0.603,3,rural_hill_road,968.3,23.0,19.9,HIGH
23.62,5.39,4.29,1.27,0.775,2,state_highway,287.2,26.0,4.1,HIGH
0.0,10.16,3.01,9.39,0.349,2,state_highway,240.9,25.3,26.9,MEDIUM
0.0,10.85,4.79,8.17,0.813,2,national_highway,410.5,27.1,2.7,LOW
2.0,16.72,2.95,10.32,0.639,1,rural_hill_road,1129.5,20.8,19.7,MEDIUM
24.28,13.6,3.26,0.47,0.796,4,state_highway,929.5,18.2,12.8,HIGH
2.59,15.84,2.77,10.43,0.383,0,state_highway,218.8,23.4,9.9,MEDIUM
7.43,22.01,2.35,4.45,0.335,3,rural_hill_road,2442.8,14.4,6.3,HIGH
9.28,1.47,4.33,1.89,0.286,1,national_highway,89.7,28.7,5.1,LOW
0.0,4.94,3.79,7.14,0.074,1,national_highway,1376.9,27.3,12.5,LOW
0.0,12.72,3.11,9.25,0.452,2,rural_hill_road,2181.4,11.4,49.3,HIGH
0.0,9.87,3.59,8.89,0.339,1,state_highway,554.1,21.0,10.8,LOW
0.0,7.57,4.01,5.07,0.282,2,national_highway,491.5,19.7,5.3,LOW
0.0,9.76,4.93,7.92,0.565,2,national_highway,909.9,23.0,39.2,LOW
0.0,15.93,2.68,0.62,0.62,4,rural_hill_road,2024.9,11.4,7.5,HIGH
0.0,1.25,3.71,6.17,0.453,0,national_highway,405.1,23.8,7.6,LOW
0.0,17.06,2.39,6.21,0.686,1,rural_hill_road,983.2,23.3,30.8,MEDIUM
1.01,5.6,3.34,6.8,0.278,1,state_highway,407.8,31.2,5.0,LOW
6.58,6.59,3.56,4.4,0.279,0,state_highway,1431.6,15.9,10.6,LOW
2.44,11.71,1.83,8.15,0.139,0,rural_hill_road,2088.2,23.1,24.2,HIGH
16.54,9.24,4.28,0.69,0.307,1,national_highway,574.9,27.5,14.3,MEDIUM
5.86,2.84,4.09,2.24,0.251,2,national_highway,830.0,23.3,1.7,LOW
0.0,3.18,3.68,8.06,0.251,1,national_highway,1346.0,21.9,25.6,LOW
0.0,0.81,3.23,10.57,0.552,0,national_highway,1393.3,27.2,27.8,LOW
1.97,3.72,4.33,8.91,0.418,0,national_highway,481.4,22.7,18.2,LOW
0.0,12.92,3.79,8.03,0.113,2,state_highway,817.5,26.6,9.9,LOW
7.75,4.51,4.03,4.69,0.313,0,national_highway,864.9,23.4,10.6,LOW
22.58,3.83,4.07,2.1,0.627,1,national_highway,515.0,25.8,13.3,MEDIUM
0.0,15.57,3.16,7.82,0.312,1,state_highway,1474.3,21.6,7.9,LOW
1.18,15.8,3.41,11.77,0.307,0,rural_hill_road,2006.2,13.9,5.3,MEDIUM
1.26,5.9,4.74,7.32,0.208,0,national_highway,973.0,25.9,12.5,LOW
0.0,0.78,3.91,4.19,0.087,0,national_highway,823.2,22.7,13.2,LOW
0.0,9.9,3.77,4.79,0.269,1,rural_hill_road,1066.3,26.7,17.9,LOW
2.52,10.03,3.43,9.56,0.54,3,national_highway,1055.7,25.4,10.2,MEDIUM
0.0,6.11,1.51,5.46,0.202,0,state_highway,938.6,23.8,14.9,LOW
0.0,9.59,4.53,1.09,0.622,0,national_highway,1377.7,25.3,9.8,LOW
7.86,12.63,3.22,3.23,0.363,5,state_highway,600.0,23.6,11.5,MEDIUM
1.24,11.48,3.64,7.99,0.81,1,national_highway,639.7,24.5,9.2,LOW
0.0,10.29,4.62,7.6,0.32,2,national_highway,436.2,29.5,5.1,LOW
0.0,3.11,4.1,1.46,0.199,0,state_highway,1323.6,20.6,14.5,LOW
0.0,10.95,5.0,6.84,0.685,2,national_highway,442.6,21.5,15.0,LOW
1.03,11.24,3.06,7.27,0.399,2,state_highway,1382.9,18.1,7.6,MEDIUM
0.0,0.98,4.59,11.18,0.44,0,national_highway,633.4,22.0,5.1,LOW
15.6,11.79,3.88,1.47,0.3,1,national_highway,202.0,29.7,14.8,HIGH
9.21,9.02,3.78,4.26,0.565,1,national_highway,356.3,24.6,33.3,MEDIUM
2.55,5.42,4.36,8.04,0.511,1,national_highway,749.0,18.6,16.4,LOW
2.26,13.21,2.27,4.95,0.69,2,rural_hill_road,722.3,28.5,7.1,HIGH
0.15,1.85,3.65,8.11,0.295,1,national_highway,1360.8,18.7,37.7,LOW
0.0,10.17,4.56,1.13,0.365,2,state_highway,1678.9,15.6,7.9,MEDIUM
12.76,10.74,4.02,1.8,0.444,2,national_highway,1488.7,23.8,20.7,HIGH
0.0,11.51,3.93,11.46,0.721,4,national_highway,986.1,23.4,32.2,MEDIUM
0.0,10.67,4.11,10.03,0.362,3,national_highway,238.1,22.4,28.9,LOW
0.0,2.32,3.25,9.3,0.27,0,national_highway,276.7,31.5,17.8,LOW
0.0,11.57,3.37,6.76,0.121,0,national_highway,383.8,24.7,10.8,LOW
2.05,0.86,4.43,7.79,0.347,0,national_highway,1019.1,26.1,32.1,LOW
0.0,12.37,1.71,8.8,0.364,0,rural_hill_road,1421.8,25.7,13.8,MEDIUM
0.0,6.44,4.55,5.72,0.583,2,national_highway,493.3,27.0,9.1,LOW
16.71,4.58,4.8,0.76,0.283,0,state_highway,1473.5,24.5,10.3,MEDIUM
0.0,1.03,4.09,9.74,0.258,1,national_highway,1024.2,21.0,11.2,LOW
2.46,6.63,3.89,10.3,0.45,0,national_highway,411.8,23.5,6.7,LOW
0.0,7.94,4.26,4.91,0.388,0,national_highway,390.5,24.0,7.0,LOW
0.0,6.73,4.65,9.2,0.212,2,national_highway,953.7,20.4,12.9,LOW
23.13,18.6,2.49,1.06,0.191,2,rural_hill_road,1157.4,26.6,10.5,HIGH
5.63,21.07,2.63,3.96,0.473,3,rural_hill_road,1646.4,15.9,6.8,HIGH
0.0,16.23,3.99,0.56,0.531,1,state_highway,1399.5,22.1,6.4,MEDIUM
0.0,8.39,1.89,1.89,0.093,1,rural_hill_road,2512.5,10.5,10.8,MEDIUM
0.0,2.13,3.98,8.88,0.409,0,state_highway,440.5,23.5,31.9,LOW
0.0,4.51,4.24,10.31,0.27,1,national_highway,1308.3,18.2,15.4,LOW
0.0,2.42,3.57,9.17,0.425,0,national_highway,869.4,27.5,3.1,LOW
0.0,17.32,3.3,6.55,0.474,3,state_highway,565.0,21.4,7.5,LOW
27.98,6.6,2.8,1.95,0.306,1,state_highway,670.6,27.6,7.9,HIGH
0.33,15.56,2.91,5.83,0.436,4,state_highway,727.3,26.0,10.5,MEDIUM
0.0,3.47,4.13,9.44,0.414,0,national_highway,1031.4,25.7,4.1,LOW
8.35,7.2,3.94,4.41,0.464,0,state_highway,1794.5,10.9,29.4,MEDIUM
6.87,3.88,3.45,2.87,0.271,0,national_highway,856.6,27.9,13.9,LOW
0.0,6.54,4.46,10.94,0.329,3,national_highway,682.7,24.2,23.1,LOW
4.63,22.19,1.41,8.46,0.02,2,rural_hill_road,2300.7,16.6,23.6,HIGH
0.0,7.74,4.48,9.72,0.659,2,national_highway,619.3,22.8,13.4,LOW
9.58,4.99,4.32,4.83,0.486,2,national_highway,539.2,28.9,21.6,LOW
0.0,16.68,4.09,9.18,0.376,0,state_highway,622.7,24.6,6.7,LOW
3.71,3.91,2.53,10.35,0.332,0,state_highway,474.4,28.0,37.8,MEDIUM
0.0,14.59,3.96,11.13,0.452,3,state_highway,685.8,23.4,3.6,MEDIUM
8.15,4.23,4.54,4.75,0.295,0,national_highway,541.0,26.4,10.6,LOW
0.0,15.06,3.1,6.53,0.584,1,rural_hill_road,1343.1,18.0,8.2,MEDIUM
0.0,1.62,3.74,8.82,0.214,0,national_highway,511.9,27.3,2.6,LOW
12.42,17.9,2.81,2.07,0.306,2,rural_hill_road,1836.6,13.8,20.0,HIGH
0.57,0.52,4.47,6.25,0.289,0,national_highway,100.5,25.0,11.6,LOW
10.0,7.46,2.63,2.29,0.508,1,state_highway,936.1,25.4,29.8,MEDIUM
0.0,12.99,2.01,7.22,0.428,3,state_highway,739.3,23.6,22.1,MEDIUM
0.0,3.08,3.93,9.63,0.256,0,national_highway,431.5,29.2,8.9,LOW
17.81,7.47,3.94,2.22,0.601,1,state_highway,470.7,23.1,7.5,MEDIUM
0.0,12.84,4.09,2.39,0.132,2,state_highway,1615.7,21.3,14.1,MEDIUM
0.0,8.85,1.52,7.74,0.287,2,state_highway,750.6,25.8,29.5,LOW
0.0,14.88,2.3,6.03,0.343,3,state_highway,333.9,28.9,7.4,MEDIUM
0.0,14.81,2.76,6.25,0.214,0,state_highway,1701.3,26.8,32.2,MEDIUM
0.0,3.91,4.18,4.29,0.32,0,national_highway,1420.3,16.1,17.6,LOW
4.35,5.44,3.14,7.28,0.476,0,state_highway,213.8,27.2,5.3,LOW
0.34,18.55,3.54,0.6,0.387,1,rural_hill_road,1611.5,13.6,2.4,HIGH
0.0,6.46,3.81,8.12,0.526,0,national_highway,691.8,28.6,28.0,LOW
0.0,7.46,4.22,2.41,0.282,0,national_highway,1275.3,20.9,9.8,LOW
12.78,5.38,2.33,2.97,0.187,3,rural_hill_road,2415.7,17.6,28.6,HIGH
2.73,2.3,3.55,6.43,0.129,1,national_highway,1390.4,16.1,23.0,LOW
0.0,2.72,4.81,8.32,0.333,1,national_highway,388.6,25.2,27.4,LOW
0.0,1.51,4.28,6.55,0.238,0,national_highway,65.2,27.9,19.0,LOW
0.0,6.67,1.52,10.18,0.54,0,state_highway,1132.3,18.3,9.7,LOW
5.7,1.36,2.64,2.42,0.124,0,national_highway,947.6,23.9,11.2,LOW
3.99,7.19,4.02,8.03,0.397,0,national_highway,321.5,24.9,27.7,LOW
0.0,6.46,4.57,10.67,0.637,1,national_highway,402.0,21.8,20.6,LOW
0.0,10.84,2.87,10.13,0.204,3,rural_hill_road,1680.2,17.5,8.0,MEDIUM
0.0,3.67,3.9,7.23,0.087,2,national_highway,649.3,23.5,14.4,LOW
0.0,17.68,2.55,6.6,0.79,2,state_highway,339.1,26.5,8.5,MEDIUM
13.72,5.62,4.76,3.59,0.078,0,national_highway,1393.2,26.5,23.1,LOW
0.0,3.07,2.71,7.27,0.234,4,state_highway,519.4,25.6,9.2,LOW
0.0,8.66,3.55,2.19,0.424,1,national_highway,1461.7,14.0,10.6,LOW
0.0,5.51,2.68,1.26,0.605,0,state_highway,1694.2,16.3,16.1,MEDIUM
13.69,12.08,4.4,4.24,0.073,3,state_highway,1719.3,13.7,4.6,HIGH
0.0,10.04,3.7,4.48,0.595,1,national_highway,548.1,28.5,21.4,MEDIUM
0.0,20.93,2.66,12.0,0.428,2,rural_hill_road,1521.6,24.6,10.5,MEDIUM
31.26,8.06,2.95,0.54,0.34,3,state_highway,437.0,23.9,8.1,HIGH
0.0,5.05,3.53,5.89,0.319,1,national_highway,667.0,30.4,40.3,LOW
6.89,2.62,3.26,3.99,0.273,0,national_highway,1160.5,19.0,7.1,LOW
4.81,16.1,3.24,8.25,0.296,1,state_highway,1546.2,22.3,9.1,MEDIUM
0.39,8.18,4.58,8.11,0.55,3,national_highway,939.9,30.3,24.4,LOW
0.0,5.83,4.06,7.9,0.625,0,national_highway,982.7,22.7,10.7,LOW
8.31,14.58,3.83,1.82,0.299,4,state_highway,1618.2,13.4,27.1,HIGH
0.0,8.8,4.8,0.9,0.128,1,state_highway,1783.7,14.8,9.4,MEDIUM
0.0,8.91,2.64,6.63,0.435,2,rural_hill_road,1869.1,17.2,6.1,MEDIUM
0.0,11.56,4.27,6.39,0.838,2,national_highway,760.2,24.4,14.1,LOW
0.0,4.61,1.58,11.21,0.109,1,state_highway,1526.4,17.1,22.5,LOW
0.88,6.02,4.28,8.38,0.816,0,national_highway,917.6,23.5,12.8,LOW
0.0,3.29,3.44,8.43,0.726,1,state_highway,211.4,28.9,23.1,LOW
12.3,3.37,2.13,2.8,0.459,3,state_highway,1038.9,23.7,20.0,HIGH
0.0,22.84,1.8,8.6,0.241,2,rural_hill_road,768.8,19.5,7.2,MEDIUM
0.0,6.75,2.09,5.79,0.247,1,state_highway,1364.2,23.0,5.4,LOW
0.0,13.92,3.0,11.62,0.212,4,state_highway,609.6,21.7,2.8,MEDIUM
0.0,5.92,4.44,6.57,0.17,1,national_highway,511.6,22.5,20.1,LOW
0.0,10.19,1.5,8.12,0.727,4,state_highway,1069.1,17.5,32.9,MEDIUM
3.27,0.68,4.19,2.96,0.498,0,national_highway,1367.6,16.7,16.3,LOW
9.65,2.55,3.33,2.7,0.197,2,state_highway,415.8,24.8,5.7,MEDIUM
7.11,5.2,4.24,3.64,0.184,1,national_highway,911.9,25.1,23.7,LOW
2.27,10.79,2.48,5.33,0.223,4,rural_hill_road,944.6,25.9,3.3,MEDIUM
0.0,2.93,3.34,6.3,0.24,0,national_highway,1387.8,15.1,33.1,LOW
10.91,10.48,2.86,3.68,0.549,2,state_highway,1485.1,22.3,8.0,HIGH
0.0,12.14,3.79,10.49,0.49,2,state_highway,1138.6,23.1,20.4,LOW
11.69,10.61,4.36,3.37,0.411,4,national_highway,703.1,26.8,9.6,HIGH
0.0,11.37,3.65,9.76,0.47,4,national_highway,1348.5,20.3,27.7,MEDIUM
0.0,15.49,4.8,10.7,0.45,4,state_highway,1091.3,18.8,1.0,MEDIUM
3.84,2.02,2.83,7.88,0.343,0,state_highway,887.2,19.3,10.4,LOW
5.17,2.64,5.0,1.52,0.091,0,national_highway,459.8,28.0,20.4,LOW
0.0,9.12,4.0,11.04,0.422,0,national_highway,1350.7,16.6,15.0,LOW
0.0,1.52,4.52,11.21,0.58,0,national_highway,1038.6,15.3,15.8,LOW
0.0,7.51,3.55,2.65,0.639,4,rural_hill_road,2542.1,8.2,5.1,MEDIUM
17.15,17.51,1.77,1.74,0.67,4,rural_hill_road,1519.0,22.8,17.9,HIGH
0.0,5.87,3.42,7.18,0.894,0,state_highway,1171.1,15.5,26.3,LOW
0.0,18.62,2.57,8.28,0.873,3,rural_hill_road,1844.4,13.7,15.1,HIGH
11.8,10.16,2.74,4.07,0.577,1,state_highway,1414.4,22.2,13.0,HIGH
0.0,21.23,3.42,1.66,0.575,2,rural_hill_road,1956.0,22.2,11.7,HIGH
0.0,10.09,3.96,6.44,0.141,4,national_highway,872.1,28.3,12.1,LOW
0.0,7.75,3.63,8.42,0.131,2,rural_hill_road,924.6,28.0,10.2,LOW
0.0,5.27,2.09,4.77,0.257,2,rural_hill_road,922.3,23.3,7.4,MEDIUM
1.86,9.37,3.3,7.34,0.129,2,rural_hill_road,1702.8,18.8,20.0,MEDIUM
3.81,7.9,4.38,7.46,0.576,0,national_highway,954.5,29.8,17.8,LOW
6.12,9.09,1.0,4.74,0.149,2,rural_hill_road,1922.3,18.3,13.7,MEDIUM
0.35,2.56,3.76,6.05,0.758,1,state_highway,1230.3,18.2,3.0,LOW
0.0,8.3,4.14,7.79,0.815,0,national_highway,359.2,20.1,14.4,LOW
3.0,8.64,4.12,9.54,0.643,0,national_highway,129.2,33.9,11.1,LOW
0.0,21.88,3.64,7.74,0.328,3,rural_hill_road,1193.5,11.4,5.2,MEDIUM
0.0,10.46,4.1,7.33,0.06,3,national_highway,943.9,22.5,7.4,LOW
20.62,6.97,3.86,2.13,0.803,1,state_highway,667.2,24.0,13.8,HIGH
0.88,21.11,1.59,10.73,0.372,2,rural_hill_road,1754.2,18.1,12.3,HIGH
0.0,12.49,4.66,8.42,0.547,3,state_highway,689.6,21.2,15.3,MEDIUM
0.0,12.39,2.52,9.83,0.198,1,rural_hill_road,2052.3,18.4,19.5,MEDIUM
0.0,9.63,3.54,0.75,0.597,1,state_highway,1334.3,23.9,15.8,MEDIUM
0.0,19.76,3.5,5.56,0.563,2,rural_hill_road,1570.3,20.6,16.8,MEDIUM
0.0,14.7,2.01,8.19,0.337,2,state_highway,1341.8,22.4,4.4,MEDIUM
12.31,7.67,3.89,3.26,0.236,0,state_highway,960.4,27.0,11.1,MEDIUM
0.63,9.82,2.05,11.2,0.617,0,state_highway,1325.5,23.9,22.6,LOW
0.0,0.7,2.64,8.04,0.485,0,national_highway,238.0,24.8,7.1,LOW
0.0,9.95,3.54,9.61,0.521,0,national_highway,933.2,25.1,21.4,LOW
3.48,20.21,2.85,9.09,0.318,4,rural_hill_road,1708.1,18.1,27.4,HIGH
0.0,3.56,4.74,8.08,0.577,1,national_highway,655.2,20.6,15.5,LOW
2.4,4.85,3.74,7.0,0.457,1,national_highway,493.4,22.0,4.6,LOW
9.04,8.85,2.72,2.08,0.21,0,rural_hill_road,727.4,29.3,5.6,HIGH
0.0,3.79,3.66,8.17,0.494,0,national_highway,372.7,26.9,28.3,LOW
0.0,19.53,3.01,8.89,0.227,1,rural_hill_road,1560.8,17.5,19.0,MEDIUM
0.0,10.05,2.46,7.18,0.476,2,state_highway,557.7,22.9,16.5,MEDIUM
0.0,6.32,4.09,12.0,0.762,1,national_highway,1458.0,19.3,14.7,LOW
0.0,22.92,1.83,11.93,0.386,0,rural_hill_road,1640.9,22.2,10.6,MEDIUM
0.0,20.55,3.09,5.29,0.371,2,rural_hill_road,1701.4,20.4,30.4,HIGH
0.0,9.32,2.0,7.07,0.261,3,rural_hill_road,1615.4,11.8,25.3,MEDIUM
4.06,4.01,3.29,11.42,0.527,0,state_highway,1423.1,24.0,19.7,LOW
0.0,8.92,2.43,4.65,0.208,3,rural_hill_road,2477.8,9.4,6.7,MEDIUM
0.3,5.47,4.3,6.68,0.496,0,national_highway,907.9,29.2,9.4,LOW
0.0,5.13,3.33,10.23,0.501,1,state_highway,1218.1,22.5,8.8,LOW
0.0,8.48,2.92,9.65,0.639,1,national_highway,539.8,24.1,21.1,LOW
0.85,9.96,4.35,6.39,0.264,1,state_highway,281.9,24.6,22.2,LOW
2.13,2.53,4.06,7.45,0.724,1,national_highway,1287.2,17.6,21.9,LOW
0.0,14.15,2.48,8.11,0.791,4,rural_hill_road,1837.9,16.1,18.4,HIGH
0.0,7.98,2.56,11.86,0.115,3,rural_hill_road,1590.7,14.6,16.4,MEDIUM
0.0,1.73,5.0,5.72,0.407,2,national_highway,916.3,24.3,12.6,LOW
1.29,13.7,4.8,9.67,0.778,3,state_highway,770.1,28.9,3.6,LOW
0.0,12.9,4.0,8.42,0.046,4,state_highway,917.1,26.8,8.0,LOW
10.68,8.1,2.42,1.53,0.529,3,state_highway,886.8,25.8,12.8,HIGH
14.83,1.79,4.0,3.74,0.621,0,national_highway,1356.4,25.8,25.0,MEDIUM
0.0,13.41,2.37,7.28,0.604,3,rural_hill_road,2575.4,15.6,2.2,HIGH
0.0,8.25,3.44,6.38,0.413,1,national_highway,140.9,24.4,23.9,LOW
0.0,9.24,2.74,6.48,0.845,2,rural_hill_road,1077.0,26.0,32.7,MEDIUM
0.0,5.57,3.45,6.14,0.43,0,state_highway,238.5,29.5,13.5,LOW
3.61,17.02,2.92,6.04,0.479,1,rural_hill_road,1095.4,29.9,23.8,MEDIUM
11.6,12.37,3.18,1.28,0.387,3,state_highway,672.2,22.5,5.7,HIGH
0.0,2.71,3.9,0.68,0.555,0,national_highway,1243.9,24.9,11.5,LOW
4.06,11.16,3.88,8.38,0.241,6,national_highway,277.0,30.6,22.0,MEDIUM
3.54,21.72,2.75,5.41,0.551,3,rural_hill_road,2484.1,11.9,1.0,HIGH
0.0,11.57,4.66,10.09,0.24,2,national_highway,399.5,27.5,36.0,LOW
0.0,14.82,3.53,2.7,0.494,2,state_highway,1643.1,22.1,21.0,MEDIUM
12.31,13.53,2.82,2.61,0.238,2,state_highway,692.0,19.3,9.8,HIGH
0.0,5.87,3.72,2.89,0.489,1,rural_hill_road,1804.9,12.5,9.0,MEDIUM
0.33,8.94,3.52,7.84,0.457,0,state_highway,260.8,31.5,10.7,LOW
0.0,16.66,1.0,9.28,0.215,4,rural_hill_road,1476.8,26.8,13.2,HIGH
0.0,1.81,4.34,8.9,0.606,1,national_highway,333.0,29.4,10.2,LOW
0.0,7.92,5.0,7.12,0.516,0,national_highway,1102.3,19.0,30.5,LOW
7.1,5.36,4.03,2.34,0.378,0,national_highway,637.3,27.7,12.5,LOW
0.0,8.77,4.03,8.21,0.595,0,national_highway,717.8,19.1,13.4,LOW
7.58,6.67,2.57,2.49,0.531,4,rural_hill_road,1866.5,11.6,7.7,HIGH
0.0,9.39,4.15,1.75,0.636,2,state_highway,1799.0,20.6,16.1,MEDIUM
3.12,4.11,3.83,7.43,0.385,1,national_highway,1099.7,21.9,20.7,LOW
0.0,13.31,4.42,7.44,0.627,8,state_highway,1119.9,20.1,15.0,MEDIUM
0.0,6.38,3.11,6.54,0.414,0,state_highway,873.3,16.9,9.3,LOW
7.09,3.26,3.67,4.11,0.327,4,state_highway,1152.6,19.5,16.4,MEDIUM
2.12,1.7,4.46,10.36,0.213,2,national_highway,733.8,20.4,17.2,LOW
8.3,8.7,3.39,2.0,0.532,0,national_highway,320.2,29.1,27.2,MEDIUM
0.0,9.72,3.08,7.88,0.187,1,rural_hill_road,775.5,21.5,29.7,LOW
0.0,16.65,2.42,6.19,0.192,2,rural_hill_road,1858.6,14.5,7.7,MEDIUM
2.3,13.52,3.32,8.93,0.109,1,state_highway,303.7,28.4,23.8,MEDIUM
0.0,9.76,4.02,11.17,0.312,0,national_highway,525.5,21.6,8.0,LOW
2.95,10.3,3.8,8.84,0.672,2,national_highway,768.7,25.6,6.3,MEDIUM
0.0,10.36,4.4,10.3,0.221,4,national_highway,957.4,22.3,38.5,MEDIUM
0.0,15.33,2.61,1.26,0.042,4,state_highway,1448.5,15.5,19.0,MEDIUM
0.0,2.88,3.27,10.88,0.533,1,state_highway,302.1,30.4,15.6,LOW
13.26,14.09,2.17,1.62,0.358,8,rural_hill_road,2237.6,18.2,11.4,HIGH
0.0,4.11,4.7,8.99,0.221,0,national_highway,826.1,25.1,7.8,LOW
1.58,0.51,3.56,7.4,0.352,1,national_highway,814.7,18.9,30.3,LOW
17.82,1.57,3.99,1.21,0.377,2,national_highway,455.6,27.9,42.7,MEDIUM
0.0,5.52,2.12,8.46,0.431,3,rural_hill_road,1625.7,14.2,30.3,HIGH
17.56,18.82,2.58,1.64,0.791,4,rural_hill_road,2054.3,13.7,31.8,HIGH
0.0,21.93,2.02,7.59,0.612,0,rural_hill_road,1037.3,18.1,7.2,MEDIUM
5.49,6.09,4.61,3.35,0.274,1,state_highway,260.3,27.5,8.9,LOW
0.0,1.08,4.53,8.38,0.855,3,national_highway,1075.7,20.0,8.5,LOW
0.0,5.37,3.48,8.47,0.481,1,national_highway,1331.6,25.2,12.4,LOW
0.0,8.54,4.74,8.22,0.354,0,national_highway,727.9,20.8,16.8,LOW
0.0,17.49,3.13,4.7,0.411,1,state_highway,413.4,21.1,50.8,MEDIUM
6.65,7.78,3.63,4.02,0.221,0,national_highway,70.1,24.6,24.7,LOW
11.18,5.46,3.97,4.42,0.359,1,national_highway,615.7,27.1,3.9,MEDIUM
0.0,7.52,4.45,12.0,0.143,0,national_highway,75.9,27.9,22.5,LOW
0.0,1.93,4.92,5.95,0.566,0,national_highway,1491.9,19.0,8.3,LOW
0.49,7.83,4.17,9.8,0.132,1,national_highway,1405.9,12.1,22.3,LOW
0.0,13.26,3.4,7.76,0.253,2,state_highway,1176.0,22.1,7.2,MEDIUM
0.0,19.98,2.57,0.59,0.391,1,rural_hill_road,1314.9,24.2,13.1,HIGH
0.0,5.74,3.91,8.37,0.62,1,national_highway,1018.6,26.0,24.1,LOW
2.48,0.64,4.05,4.7,0.207,2,national_highway,1380.5,19.4,3.2,LOW
0.0,8.4,4.47,9.16,0.573,0,national_highway,1022.3,21.9,3.4,LOW
0.0,17.76,2.68,6.85,0.559,3,state_highway,1526.8,21.7,14.1,MEDIUM
0.0,11.96,2.6,11.03,0.336,1,state_highway,1637.4,26.6,13.3,MEDIUM
0.0,2.68,2.89,9.58,0.55,0,national_highway,192.6,23.1,10.2,LOW
0.0,17.26,4.71,9.74,0.747,1,state_highway,939.3,19.0,24.6,MEDIUM
0.0,6.14,3.63,12.0,0.453,1,national_highway,410.9,18.5,1.7,LOW
7.94,6.6,2.91,4.57,0.177,1,state_highway,826.0,21.4,4.1,MEDIUM
0.0,4.9,2.67,8.72,0.687,1,state_highway,1402.6,13.4,12.2,LOW
3.47,5.61,4.36,7.88,0.151,0,national_highway,1483.9,15.0,27.1,LOW
0.0,5.52,3.21,6.0,0.101,3,state_highway,595.7,31.6,17.5,LOW
0.0,22.29,3.48,2.41,0.348,3,rural_hill_road,1596.6,21.9,12.8,HIGH
0.0,22.21,2.55,9.56,0.261,0,rural_hill_road,1036.4,20.9,37.1,MEDIUM
4.55,13.75,3.2,6.52,0.168,2,rural_hill_road,2157.0,17.6,13.4,MEDIUM
0.0,3.66,3.81,4.83,0.154,0,state_highway,584.4,27.3,20.9,LOW
7.91,8.13,3.8,3.77,0.687,0,state_highway,1586.0,16.4,5.9,MEDIUM
0.0,11.14,3.68,1.29,0.113,2,national_highway,1277.0,25.9,14.6,MEDIUM
8.25,1.62,4.56,1.76,0.613,0,national_highway,821.7,23.1,28.0,MEDIUM
10.18,24.31,2.82,2.44,0.237,7,rural_hill_road,1569.9,16.6,14.3,HIGH
8.11,2.53,4.4,4.6,0.215,0,national_highway,1132.1,15.5,16.0,LOW
0.0,23.87,2.92,2.64,0.779,4,rural_hill_road,1883.8,13.4,22.7,HIGH
14.81,25.62,2.98,3.57,0.449,8,rural_hill_road,738.2,18.8,3.7,HIGH
15.11,4.02,4.16,1.25,0.14,0,state_highway,413.0,26.7,14.4,MEDIUM
0.0,8.66,3.41,9.25,0.032,0,state_highway,307.1,30.4,13.6,LOW
0.0,6.73,4.73,10.35,0.326,0,national_highway,534.7,23.5,13.5,LOW
0.0,4.23,3.84,5.82,0.373,2,national_highway,65.2,31.8,4.2,LOW
0.0,9.88,4.62,7.64,0.265,0,national_highway,1057.3,27.1,18.6,LOW
0.0,6.35,3.0,8.64,0.438,2,national_highway,1274.5,18.1,21.9,LOW
0.0,12.09,2.94,8.12,0.544,2,state_highway,302.4,30.8,13.5,MEDIUM
0.0,21.94,1.67,8.07,0.383,1,rural_hill_road,823.9,24.2,16.3,MEDIUM
0.0,6.45,4.15,11.16,0.325,0,state_highway,314.0,26.5,20.6,LOW
0.0,12.56,4.26,8.05,0.168,4,state_highway,1434.4,23.2,11.7,LOW
0.0,1.54,4.88,8.32,0.373,3,national_highway,1014.2,24.4,15.4,LOW
18.63,11.17,4.11,0.94,0.158,5,national_highway,894.4,20.5,11.4,HIGH
13.04,2.37,4.33,4.99,0.654,0,state_highway,1200.6,26.7,1.7,LOW
7.62,10.63,3.53,3.64,0.543,1,state_highway,325.6,23.9,7.7,MEDIUM
0.0,17.02,2.88,8.76,0.143,4,state_highway,377.5,24.5,26.3,MEDIUM
11.94,17.32,2.65,3.52,0.628,2,state_highway,1441.2,26.8,23.5,HIGH
0.0,1.28,4.51,9.84,0.108,0,national_highway,591.8,30.4,19.3,LOW
1.2,10.24,3.39,0.57,0.784,1,state_highway,1298.7,16.1,7.1,MEDIUM
0.0,19.42,1.75,9.52,0.72,3,rural_hill_road,2193.6,17.5,10.1,HIGH
8.84,8.2,4.28,1.65,0.375,2,national_highway,444.7,29.9,11.6,MEDIUM
4.02,4.03,4.4,6.99,0.365,0,national_highway,413.0,26.9,9.8,LOW
0.0,2.09,4.01,1.31,0.318,2,national_highway,1344.8,18.9,32.1,LOW
0.0,3.68,3.12,4.7,0.09,1,state_highway,413.3,27.5,12.6,LOW
5.13,6.68,4.83,4.63,0.188,1,national_highway,599.1,21.4,10.8,LOW
0.0,10.36,3.42,8.4,0.701,4,national_highway,247.7,35.2,6.8,LOW
0.0,6.17,3.87,2.71,0.629,2,national_highway,1371.0,23.1,22.0,MEDIUM
0.24,10.86,3.19,0.72,0.101,0,national_highway,1301.6,9.9,10.2,MEDIUM
7.16,11.82,3.19,3.25,0.25,0,rural_hill_road,1883.3,12.1,15.6,MEDIUM
0.0,15.43,1.5,7.78,0.377,3,state_highway,1412.3,21.3,3.2,MEDIUM
5.72,17.16,2.32,3.61,0.337,4,state_highway,290.7,25.9,10.9,MEDIUM
0.0,16.18,2.88,2.3,0.729,5,rural_hill_road,2400.0,11.6,13.5,HIGH
0.0,8.33,3.64,6.28,0.756,1,national_highway,972.1,19.6,15.5,LOW
0.0,15.9,4.39,1.21,0.847,5,state_highway,1436.1,19.3,4.6,MEDIUM
15.43,13.55,4.19,0.8,0.164,0,state_highway,1270.0,18.3,21.2,HIGH
3.03,9.6,3.81,6.09,0.031,2,national_highway,1289.8,23.7,15.8,LOW
0.0,4.08,2.97,12.0,0.31,2,state_highway,1399.9,18.0,7.3,LOW
0.0,4.65,3.34,6.86,0.263,0,state_highway,955.9,15.1,7.3,LOW
0.0,15.24,4.63,11.88,0.513,0,state_highway,599.6,16.7,11.3,LOW
0.0,2.55,3.69,6.12,0.273,2,national_highway,1378.4,20.3,9.0,LOW
1.52,2.56,4.43,0.72,0.284,2,national_highway,1275.6,17.5,10.1,LOW
20.29,8.59,4.76,1.88,0.422,0,national_highway,682.4,29.7,9.2,MEDIUM
0.0,3.79,4.41,7.23,0.622,1,national_highway,638.9,22.6,30.4,LOW
4.19,14.67,2.82,5.13,0.51,2,rural_hill_road,1826.1,13.6,18.2,HIGH
0.0,16.72,3.45,7.02,0.248,1,state_highway,641.3,28.4,13.2,LOW
0.0,13.85,4.8,10.99,0.401,5,state_highway,836.0,30.3,13.1,LOW
3.81,9.09,3.79,9.26,0.127,1,national_highway,1255.0,20.6,6.5,LOW
5.58,14.05,2.54,1.6,0.268,3,state_highway,1630.4,20.4,7.4,HIGH
8.47,10.13,4.28,4.95,0.48,1,national_highway,476.8,28.7,4.2,MEDIUM
0.0,15.4,3.52,12.0,0.391,2,state_highway,673.5,25.8,19.9,MEDIUM
0.0,17.73,3.24,5.82,0.408,1,state_highway,1343.5,26.1,14.5,LOW
0.0,11.54,3.84,10.67,0.076,2,national_highway,762.5,29.0,21.9,LOW
3.31,14.28,2.51,1.3,0.542,3,rural_hill_road,1899.3,10.5,17.1,HIGH
0.0,11.5,2.48,10.96,0.181,1,state_highway,1199.4,15.7,26.8,MEDIUM
0.0,19.06,1.73,6.59,0.608,4,rural_hill_road,834.2,19.7,10.9,HIGH
0.0,11.36,3.47,5.75,0.144,2,state_highway,1079.4,21.0,5.4,LOW
12.93,10.38,3.23,3.92,0.272,5,state_highway,996.8,16.8,17.0,HIGH
0.0,5.61,2.44,8.22,0.426,1,state_highway,904.5,22.8,28.1,LOW
0.0,8.95,3.65,12.0,0.593,0,state_highway,368.6,19.0,17.2,LOW
0.0,14.04,3.72,8.16,0.849,6,state_highway,1364.3,21.8,6.2,MEDIUM
0.0,11.04,2.59,7.74,0.281,0,state_highway,1315.7,18.3,18.3,MEDIUM
2.2,9.37,3.9,8.86,0.642,1,national_highway,1461.6,13.2,8.0,MEDIUM
0.0,3.53,4.15,6.73,0.679,2,national_highway,1436.0,14.0,10.1,LOW
16.04,18.11,2.32,2.12,0.626,5,rural_hill_road,2203.7,14.6,6.5,HIGH
10.46,7.9,3.72,2.61,0.136,0,state_highway,1142.5,22.0,19.5,MEDIUM
0.41,10.43,4.4,8.03,0.193,1,national_highway,1033.1,18.7,17.7,LOW
4.59,6.69,3.24,6.1,0.375,3,national_highway,171.7,31.5,6.2,MEDIUM
0.0,0.69,4.44,2.36,0.603,2,national_highway,1209.1,27.5,19.1,LOW
0.0,6.25,2.09,11.24,0.619,2,state_highway,951.9,21.3,21.8,MEDIUM
1.1,9.31,2.98,0.46,0.293,0,state_highway,1356.3,20.1,13.0,MEDIUM
0.0,10.87,3.48,8.72,0.412,1,state_highway,1231.7,25.9,7.2,MEDIUM
0.0,9.44,3.96,7.05,0.453,1,state_highway,752.7,26.5,45.5,LOW
0.0,15.22,4.34,4.71,0.501,3,state_highway,554.3,24.5,14.3,MEDIUM
0.0,12.08,1.7,0.55,0.629,3,rural_hill_road,1674.2,15.3,4.9,HIGH
0.0,5.52,2.58,8.2,0.483,1,state_highway,578.1,20.0,11.6,LOW
6.22,11.01,4.62,3.73,0.637,3,national_highway,594.3,26.8,22.4,MEDIUM
16.14,4.92,4.26,2.19,0.807,1,state_highway,799.6,21.1,11.8,MEDIUM
0.0,3.75,5.0,1.57,0.554,0,national_highway,1498.3,20.5,6.8,LOW
0.45,2.03,4.41,11.79,0.72,0,national_highway,399.3,25.9,17.5,LOW
0.0,2.68,3.56,3.48,0.366,0,national_highway,1166.9,18.2,7.1,LOW
0.27,6.27,4.74,9.97,0.307,3,national_highway,430.6,29.3,5.9,LOW
0.0,19.9,1.99,1.19,0.253,3,rural_hill_road,2551.3,14.0,8.6,HIGH
0.0,7.93,3.72,7.67,0.685,1,national_highway,654.9,28.4,46.1,LOW
41.35,3.46,4.44,0.86,0.772,1,state_highway,372.9,20.0,5.5,HIGH
3.86,10.87,4.96,8.61,0.776,3,national_highway,469.8,28.8,7.5,MEDIUM
9.79,9.8,3.34,3.05,0.541,0,national_highway,1133.7,19.0,12.8,MEDIUM
0.0,2.63,4.69,1.92,0.138,0,national_highway,1337.6,18.3,11.0,LOW
0.0,5.21,3.52,7.91,0.523,1,national_highway,659.8,20.4,3.3,LOW
0.0,8.28,2.27,12.0,0.488,1,state_highway,1336.7,20.0,26.9,MEDIUM
0.0,21.33,3.02,7.16,0.375,0,rural_hill_road,1991.2,14.6,29.0,MEDIUM
6.63,24.48,2.4,3.3,0.534,3,rural_hill_road,2458.7,13.7,2.5,HIGH
0.0,11.83,3.28,8.86,0.244,1,national_highway,333.1,24.1,24.4,LOW
0.0,6.32,3.11,8.49,0.419,1,state_highway,691.6,24.7,26.8,LOW
5.71,11.58,1.42,2.14,0.573,2,rural_hill_road,1225.2,18.8,11.5,HIGH
0.0,11.59,4.51,8.23,0.124,2,national_highway,466.2,21.4,14.7,LOW
0.0,16.97,2.21,11.11,0.318,2,rural_hill_road,726.1,25.9,11.0,MEDIUM
2.24,8.52,4.59,9.73,0.213,1,national_highway,1278.3,24.3,17.4,LOW
0.0,15.82,3.39,0.91,0.593,3,state_highway,1677.1,21.6,17.2,HIGH
3.77,13.13,2.67,0.81,0.519,0,state_highway,1618.5,20.9,13.2,HIGH
0.0,12.23,1.27,2.52,0.435,3,rural_hill_road,850.2,22.8,13.1,MEDIUM
0.0,1.31,3.56,8.79,0.811,1,national_highway,1178.5,18.2,8.2,LOW
0.0,2.16,4.32,4.68,0.14,1,national_highway,716.3,28.8,9.4,LOW
0.0,11.36,4.33,7.3,0.345,1,national_highway,232.5,30.4,6.0,LOW
1.99,8.73,3.99,8.41,0.256,0,national_highway,544.5,25.4,23.6,LOW
9.68,8.61,2.65,2.97,0.772,2,state_highway,1497.8,21.7,5.5,HIGH
8.48,11.97,2.84,1.58,0.374,2,state_highway,1375.2,13.4,21.7,HIGH
0.0,6.2,3.29,11.46,0.103,0,state_highway,860.6,28.3,23.7,LOW
0.0,7.22,3.72,6.71,0.317,2,national_highway,429.7,27.0,11.7,LOW
0.0,9.67,4.06,7.45,0.315,0,national_highway,63.7,26.4,26.8,LOW
0.0,14.95,2.98,6.0,0.188,2,state_highway,641.0,25.7,23.6,LOW
9.51,7.63,4.03,2.6,0.32,1,state_highway,1271.2,24.2,29.1,HIGH
11.95,11.85,3.99,3.97,0.741,4,national_highway,814.3,23.4,12.0,HIGH
0.0,4.13,3.55,8.01,0.698,0,national_highway,1279.0,25.6,8.0,LOW
7.68,11.4,3.01,3.8,0.768,5,national_highway,515.8,29.0,33.0,MEDIUM
9.72,12.47,1.62,1.94,0.517,2,rural_hill_road,1474.5,22.7,20.3,HIGH
0.0,8.08,4.31,6.79,0.531,0,national_highway,157.4,30.4,11.8,LOW
0.0,10.73,3.29,8.32,0.331,2,state_highway,1174.2,25.1,24.6,MEDIUM
0.71,13.58,2.28,10.17,0.444,3,rural_hill_road,1082.8,16.3,14.6,MEDIUM
0.0,2.9,3.2,5.35,0.123,0,state_highway,333.4,21.8,39.1,LOW
0.0,4.14,3.7,10.2,0.392,2,state_highway,640.1,26.1,9.5,LOW
0.0,0.87,3.74,7.86,0.445,1,national_highway,255.2,22.4,10.4,LOW
0.0,6.56,4.8,1.31,0.767,1,state_highway,1311.1,24.6,8.6,LOW
0.0,3.66,2.9,11.09,0.586,1,state_highway,215.6,22.0,22.6,LOW
3.01,3.52,4.91,10.68,0.405,1,national_highway,432.5,26.9,28.4,LOW
0.0,17.63,4.27,12.0,0.579,2,state_highway,1098.1,19.2,13.9,MEDIUM
0.0,10.32,3.27,8.44,0.531,2,state_highway,710.6,27.0,24.6,LOW
0.0,0.8,3.95,6.23,0.676,1,national_highway,1463.2,19.1,27.2,LOW
0.0,5.79,3.52,5.07,0.08,1,state_highway,486.7,27.2,17.9,LOW
0.0,15.24,1.58,10.32,0.246,4,rural_hill_road,1238.0,22.8,21.8,MEDIUM
5.34,6.96,4.02,3.84,0.35,1,national_highway,697.0,19.3,2.7,LOW
4.45,9.56,3.88,10.18,0.264,3,national_highway,1246.8,21.0,16.9,LOW
0.04,15.78,4.5,8.24,0.554,3,state_highway,247.1,28.2,18.2,LOW
7.26,15.52,2.19,1.77,0.478,1,rural_hill_road,2285.1,16.6,17.5,HIGH
0.0,6.35,5.0,5.67,0.325,0,national_highway,920.6,22.3,10.9,LOW
0.0,4.54,2.01,0.98,0.284,1,state_highway,1277.2,25.5,9.0,MEDIUM
0.0,9.85,4.09,9.97,0.347,0,national_highway,939.1,27.7,14.7,LOW
6.16,10.7,4.6,2.3,0.393,4,state_highway,1686.6,13.3,4.7,HIGH
0.0,6.96,2.57,7.28,0.411,1,state_highway,1454.7,20.8,3.1,LOW
19.49,8.75,4.56,1.42,0.041,0,national_highway,1024.3,25.6,8.7,MEDIUM
0.0,1.43,4.39,9.2,0.408,0,national_highway,882.5,24.0,9.9,LOW
0.71,2.88,4.27,8.75,0.418,1,national_highway,562.0,22.9,3.4,LOW
10.55,3.58,2.96,3.3,0.375,0,state_highway,772.5,22.7,26.2,MEDIUM
0.0,11.74,4.29,9.7,0.14,0,national_highway,949.0,26.1,18.0,LOW
0.0,10.39,3.86,8.38,0.786,1,state_highway,208.2,27.3,15.4,MEDIUM
0.0,5.21,2.56,10.89,0.385,2,rural_hill_road,1807.9,15.8,6.4,MEDIUM
0.0,8.8,2.74,5.22,0.452,1,rural_hill_road,1731.7,24.4,14.5,LOW
8.43,6.36,2.7,4.26,0.408,0,state_highway,1740.4,14.7,17.4,MEDIUM
0.0,1.61,4.13,8.96,0.361,1,national_highway,501.9,28.9,17.5,LOW
0.0,17.4,2.61,11.02,0.271,4,state_highway,349.9,24.2,16.0,MEDIUM
0.0,4.13,3.87,2.2,0.113,1,state_highway,1641.6,18.8,23.6,LOW
0.0,9.38,3.05,8.44,0.349,1,national_highway,706.9,32.4,27.6,LOW
1.81,20.08,2.55,1.18,0.498,2,rural_hill_road,2202.3,19.0,18.6,HIGH
0.0,14.53,3.93,6.79,0.562,1,state_highway,924.0,24.5,53.0,MEDIUM
3.48,1.04,3.81,6.12,0.218,1,national_highway,934.0,21.4,8.6,LOW
0.0,21.9,3.07,6.71,0.056,1,rural_hill_road,1117.0,15.1,4.3,MEDIUM
1.55,10.82,3.6,11.8,0.098,2,national_highway,129.7,30.5,16.9,LOW
0.0,9.96,2.73,10.59,0.438,1,state_highway,1372.6,16.3,11.1,LOW
3.83,7.5,3.71,11.5,0.553,2,national_highway,419.6,31.5,13.1,LOW
0.0,4.76,4.1,10.66,0.6,1,state_highway,300.5,32.6,21.7,LOW
0.0,0.78,3.86,5.63,0.649,2,national_highway,1256.4,14.5,6.7,LOW
0.0,18.05,2.23,0.64,0.417,0,rural_hill_road,2282.6,8.3,8.9,HIGH
0.0,1.34,3.85,11.87,0.591,0,national_highway,400.3,23.2,4.2,LOW
0.0,1.83,3.4,7.28,0.311,1,national_highway,435.3,29.2,21.2,LOW
9.27,10.22,4.0,2.49,0.398,2,rural_hill_road,1267.1,20.7,34.6,HIGH
0.0,6.16,5.0,9.44,0.538,3,national_highway,317.2,29.8,9.4,LOW
0.0,15.17,1.5,12.0,0.058,3,state_highway,1151.5,20.0,8.9,MEDIUM
0.0,10.72,4.47,8.08,0.176,0,national_highway,885.3,24.7,20.0,LOW
0.0,16.38,3.17,1.67,0.45,4,state_highway,1762.4,17.4,26.6,MEDIUM
14.13,3.78,2.36,4.78,0.718,3,state_highway,1284.7,16.8,26.1,MEDIUM
2.55,9.58,3.72,9.9,0.618,2,national_highway,855.9,20.5,18.9,LOW
3.35,21.5,1.49,12.0,0.128,2,rural_hill_road,1298.8,16.8,25.1,HIGH
6.6,14.51,2.92,1.89,0.441,3,state_highway,821.4,28.6,6.7,MEDIUM
9.57,2.1,2.87,3.49,0.16,1,state_highway,1174.7,18.2,8.5,MEDIUM
0.0,8.96,2.05,10.68,0.26,0,rural_hill_road,1000.8,24.3,21.9,MEDIUM
0.0,10.23,4.67,10.02,0.282,1,national_highway,1212.1,20.8,5.1,LOW
0.55,10.4,5.0,11.17,0.79,1,national_highway,726.4,21.4,14.2,LOW
0.0,12.46,2.12,5.99,0.486,1,rural_hill_road,1573.6,15.7,1.6,MEDIUM
0.0,17.3,4.71,9.18,0.154,3,state_highway,1788.6,20.1,5.4,MEDIUM
0.0,5.17,3.13,8.4,0.186,2,state_highway,895.7,21.0,28.2,LOW
0.0,16.9,3.62,10.21,0.197,3,state_highway,704.2,20.0,13.1,MEDIUM
0.0,12.97,4.5,10.8,0.646,3,state_highway,729.6,24.5,7.9,LOW
0.0,4.99,3.84,10.15,0.395,1,national_highway,613.4,27.9,15.6,LOW
4.31,8.41,2.61,9.81,0.04,1,rural_hill_road,1736.1,13.5,9.5,MEDIUM
0.0,4.71,3.26,10.62,0.512,2,state_highway,402.1,28.8,37.3,LOW
3.52,8.65,4.21,6.3,0.37,1,national_highway,1436.8,21.0,2.5,LOW
0.0,8.04,2.16,7.51,0.49,1,rural_hill_road,804.0,21.0,19.7,MEDIUM
0.0,16.92,4.37,10.81,0.023,3,state_highway,608.4,21.3,8.9,LOW
0.0,9.71,2.54,11.02,0.395,0,rural_hill_road,1937.4,12.4,19.0,MEDIUM
0.0,12.19,4.45,8.14,0.597,2,state_highway,699.3,29.0,12.8,LOW
12.05,15.74,4.8,4.28,0.745,5,state_highway,302.5,25.4,12.1,HIGH
1.49,7.94,3.29,10.59,0.231,0,state_highway,862.9,20.6,11.1,LOW
0.0,8.97,3.17,3.86,0.414,0,state_highway,982.6,23.8,12.8,LOW
0.0,1.64,4.68,6.74,0.447,1,national_highway,825.6,23.8,18.4,LOW
0.0,5.23,4.42,10.23,0.533,1,national_highway,1264.2,26.0,23.5,LOW
0.0,3.52,3.65,6.95,0.399,1,national_highway,999.6,18.7,11.3,LOW
4.79,6.24,4.31,6.51,0.099,0,national_highway,753.7,24.7,20.6,LOW
15.75,6.56,4.41,1.89,0.545,1,state_highway,826.3,23.8,13.7,MEDIUM
0.0,8.79,2.71,9.32,0.254,0,state_highway,1422.5,24.0,23.4,LOW
0.0,6.95,2.05,9.67,0.267,2,rural_hill_road,1628.8,23.9,31.3,MEDIUM
0.0,8.4,4.63,8.48,0.324,0,national_highway,783.3,20.4,10.7,LOW
0.0,4.64,4.4,11.96,0.64,1,national_highway,776.7,27.5,26.2,LOW
0.0,9.02,4.72,10.74,0.298,0,national_highway,1172.9,23.6,8.5,LOW
2.66,5.29,4.86,8.54,0.156,0,national_highway,236.4,30.4,20.3,LOW
3.88,2.59,4.43,5.41,0.462,0,national_highway,691.0,28.7,1.6,LOW
5.11,4.89,4.0,2.31,0.169,0,national_highway,1335.6,19.9,8.0,LOW
11.19,11.37,4.11,4.0,0.431,3,national_highway,593.1,23.2,11.4,HIGH
0.0,11.89,4.56,8.16,0.396,2,national_highway,1072.7,22.2,17.2,LOW
0.0,7.98,3.51,9.79,0.195,0,national_highway,1058.5,18.0,19.6,LOW
2.48,9.59,4.05,7.62,0.11,0,national_highway,616.6,23.5,12.8,LOW
29.85,3.74,3.24,2.1,0.598,0,national_highway,1450.0,13.1,20.2,HIGH
0.0,8.18,4.35,8.77,0.532,2,national_highway,747.9,24.7,15.6,LOW
5.01,6.8,4.37,4.42,0.415,1,national_highway,225.6,29.1,4.4,LOW
1.05,11.64,1.49,2.48,0.632,4,rural_hill_road,1987.6,18.5,3.3,HIGH
0.0,3.68,3.54,9.82,0.172,1,state_highway,298.2,28.0,9.4,LOW
0.0,17.0,3.04,12.0,0.301,1,state_highway,960.5,21.2,4.6,MEDIUM
42.13,11.57,4.5,1.73,0.075,2,national_highway,283.2,30.9,27.4,HIGH
0.0,9.26,4.21,12.0,0.123,0,national_highway,744.0,22.4,3.4,LOW
0.0,1.04,3.39,7.99,0.368,0,national_highway,289.7,29.6,20.9,LOW
24.48,6.98,4.01,2.26,0.277,1,national_highway,964.5,20.0,35.7,HIGH
11.91,15.82,2.15,4.43,0.139,4,rural_hill_road,1048.9,24.7,11.4,HIGH
0.0,20.14,2.93,8.51,0.549,1,rural_hill_road,846.6,29.3,4.2,MEDIUM
0.0,11.95,5.0,11.72,0.426,2,national_highway,383.0,26.9,14.2,LOW
2.87,6.21,2.83,11.43,0.748,1,state_highway,1285.5,24.3,29.5,MEDIUM
0.0,11.23,4.19,6.24,0.215,1,national_highway,816.9,17.7,6.7,LOW
0.0,3.31,3.78,5.43,0.531,1,national_highway,1108.1,19.6,14.1,LOW
0.0,5.07,3.7,9.67,0.691,1,national_highway,698.2,25.5,32.7,LOW
0.0,8.59,3.4,7.93,0.396,2,state_highway,819.8,25.7,37.0,MEDIUM
0.0,10.18,4.16,7.79,0.186,1,national_highway,620.2,25.0,4.7,LOW
7.48,4.88,3.67,2.72,0.232,2,state_highway,584.9,22.2,9.6,MEDIUM
0.0,7.71,3.52,11.82,0.447,0,state_highway,301.9,26.4,8.0,LOW
0.0,8.02,4.53,7.72,0.379,0,national_highway,558.2,26.1,18.1,LOW
0.0,11.24,2.97,6.99,0.564,1,national_highway,106.5,27.9,12.5,MEDIUM
0.0,8.58,3.06,8.15,0.119,2,state_highway,595.9,24.7,34.1,MEDIUM
0.5,15.84,2.39,8.41,0.094,8,rural_hill_road,2136.5,13.6,4.9,HIGH
0.0,4.53,3.16,4.98,0.386,0,state_highway,401.8,28.9,7.5,LOW
4.69,4.62,2.6,6.72,0.463,0,state_highway,1243.8,19.2,22.1,LOW
1.95,15.25,3.48,8.47,0.37,1,state_highway,315.7,29.0,15.3,LOW
4.21,9.43,3.56,2.04,0.068,0,national_highway,1303.8,14.5,15.4,LOW
4.97,12.07,3.72,6.63,0.373,2,state_highway,958.8,23.3,15.2,MEDIUM
0.0,4.85,4.1,7.81,0.585,2,national_highway,265.7,29.5,10.7,LOW
2.41,15.58,3.08,7.4,0.533,5,rural_hill_road,1869.2,13.8,11.4,HIGH
8.35,8.54,2.57,2.29,0.56,1,national_highway,609.3,27.6,5.1,MEDIUM
0.0,2.2,2.48,2.12,0.482,1,state_highway,1342.5,17.5,5.2,MEDIUM
1.38,7.05,3.0,8.16,0.428,3,rural_hill_road,2162.5,17.7,1.7,MEDIUM
37.0,3.27,2.63,1.56,0.58,0,state_highway,394.5,31.4,5.1,HIGH
0.0,3.27,2.96,11.4,0.195,2,state_highway,666.6,26.9,18.4,LOW
0.0,2.94,4.2,10.84,0.572,0,national_highway,435.2,23.0,8.8,LOW
0.0,13.39,3.07,9.15,0.322,3,rural_hill_road,1590.1,12.4,21.1,MEDIUM
0.0,14.5,1.64,6.69,0.59,2,rural_hill_road,2239.3,16.0,19.4,HIGH
0.0,4.55,3.94,6.28,0.55,0,state_highway,696.5,28.3,1.8,LOW
4.36,5.54,2.59,1.32,0.057,2,state_highway,1716.7,19.2,5.2,MEDIUM
0.0,20.25,2.09,7.98,0.537,2,rural_hill_road,1769.0,21.5,14.0,HIGH
0.0,3.63,3.89,8.7,0.36,0,national_highway,393.2,28.9,6.3,LOW
6.83,20.04,2.91,1.39,0.515,0,rural_hill_road,1829.1,17.9,6.1,HIGH
0.0,1.44,3.33,6.87,0.499,1,national_highway,278.0,31.0,4.5,LOW
0.02,5.44,3.13,9.42,0.442,0,state_highway,276.8,26.1,21.9,LOW
0.0,8.64,3.89,8.21,0.262,1,state_highway,499.4,29.7,10.1,LOW
0.66,9.35,3.73,10.87,0.105,1,national_highway,825.5,31.2,23.1,LOW
7.21,1.5,4.37,2.47,0.663,3,national_highway,1134.4,21.4,14.5,LOW
9.7,21.51,2.76,1.65,0.261,9,rural_hill_road,2228.7,19.1,18.4,HIGH
0.0,5.71,5.0,8.08,0.503,2,national_highway,492.0,22.3,17.2,LOW
0.0,9.35,4.54,8.04,0.357,0,national_highway,407.5,22.5,14.3,LOW
0.0,9.42,4.28,11.31,0.414,0,national_highway,955.1,22.8,14.2,LOW
2.35,11.81,3.43,9.35,0.34,2,national_highway,293.5,27.3,20.0,MEDIUM
0.0,10.5,3.12,10.47,0.653,1,rural_hill_road,944.7,27.6,36.9,MEDIUM
34.75,1.57,4.23,0.84,0.331,0,national_highway,907.3,26.4,15.4,MEDIUM
9.06,15.44,2.13,1.47,0.24,4,rural_hill_road,1625.7,20.7,6.5,HIGH
0.0,11.45,2.8,6.73,0.542,4,rural_hill_road,2197.0,17.2,25.0,MEDIUM
0.0,3.76,2.92,6.46,0.508,1,state_highway,942.5,27.5,19.5,LOW
0.0,11.98,2.76,10.06,0.266,2,state_highway,1034.5,25.2,8.0,MEDIUM
3.29,10.06,3.43,1.07,0.566,1,state_highway,1713.6,19.6,11.6,HIGH
4.22,3.26,4.41,7.13,0.273,0,national_highway,394.0,24.3,10.4,LOW
0.2,11.34,3.97,9.32,0.302,1,state_highway,1445.3,20.9,16.1,LOW
11.99,15.42,2.65,2.79,0.198,2,state_highway,1772.2,21.3,24.0,HIGH
0.0,7.13,3.69,8.36,0.564,2,state_highway,594.5,19.9,9.0,LOW
0.0,11.74,4.04,8.15,0.387,3,state_highway,628.9,24.5,12.4,LOW
0.0,0.5,3.69,7.5,0.371,3,national_highway,918.3,21.2,30.9,LOW
0.0,17.58,3.82,8.99,0.592,2,state_highway,1166.0,18.6,12.7,MEDIUM
0.0,6.61,3.06,6.28,0.403,0,state_highway,555.1,23.8,13.2,LOW
0.0,0.53,3.67,5.43,0.02,4,national_highway,567.4,31.3,7.3,LOW
0.0,9.59,4.42,8.05,0.52,0,national_highway,162.7,23.8,16.2,LOW
0.0,11.59,4.63,7.45,0.127,3,national_highway,990.9,24.7,9.5,LOW
3.51,16.83,3.75,11.14,0.225,1,state_highway,1400.2,23.8,8.6,MEDIUM
0.24,22.93,1.92,2.66,0.53,4,rural_hill_road,1807.4,19.5,12.1,HIGH
0.0,4.17,4.0,1.9,0.636,0,national_highway,1256.8,19.5,17.2,LOW
7.85,7.33,3.47,3.32,0.761,0,national_highway,751.0,25.8,5.5,LOW
0.36,11.87,3.46,12.0,0.441,3,state_highway,1139.8,17.9,7.7,MEDIUM
0.0,9.66,1.5,9.58,0.59,0,state_highway,1537.9,22.7,23.8,LOW
0.6,8.82,4.44,9.78,0.696,1,national_highway,472.2,28.2,14.9,LOW
3.42,2.1,4.13,11.18,0.271,1,national_highway,1367.0,21.0,29.9,LOW
0.0,2.22,2.29,7.2,0.2,1,national_highway,602.0,22.6,14.6,LOW
0.0,5.88,2.89,5.26,0.432,4,rural_hill_road,2180.4,14.3,23.7,MEDIUM
0.62,5.92,4.09,7.48,0.257,0,national_highway,725.5,24.1,8.9,LOW
4.52,0.65,3.37,11.95,0.474,1,national_highway,1045.1,19.6,6.1,LOW
0.45,7.21,4.16,2.67,0.231,0,national_highway,1257.1,25.4,18.3,LOW
0.0,13.47,3.55,6.22,0.638,2,state_highway,503.5,29.9,7.5,MEDIUM
0.0,5.17,2.11,8.59,0.506,1,state_highway,582.5,27.1,19.4,LOW
0.0,2.42,2.83,12.0,0.264,1,state_highway,1640.5,22.6,26.4,LOW
2.06,6.65,4.17,7.91,0.377,0,national_highway,230.7,26.6,42.6,LOW
8.84,4.88,3.87,2.34,0.452,0,national_highway,1217.2,24.6,7.0,MEDIUM
9.7,16.38,1.74,3.8,0.225,5,rural_hill_road,2496.3,18.8,27.0,HIGH
0.0,1.85,3.75,6.91,0.763,3,national_highway,651.4,26.9,19.6,LOW
0.51,7.19,3.39,8.27,0.276,0,national_highway,931.6,22.5,12.3,LOW
2.28,9.57,3.62,9.84,0.411,3,state_highway,1412.8,22.9,15.5,MEDIUM
3.92,2.59,3.36,5.59,0.422,1,state_highway,1478.3,15.7,9.3,LOW
0.0,5.36,3.81,10.33,0.404,2,national_highway,1138.0,24.8,20.8,LOW
0.0,4.26,4.6,12.0,0.21,1,national_highway,104.1,24.3,16.7,LOW
0.09,15.31,4.51,7.01,0.459,0,state_highway,1552.6,17.4,24.3,LOW
0.0,9.29,2.61,7.93,0.348,3,state_highway,1005.1,21.2,1.6,LOW
1.18,13.72,2.79,7.99,0.448,2,state_highway,298.9,21.2,15.8,MEDIUM
0.0,13.9,2.03,10.34,0.602,2,rural_hill_road,849.4,25.9,8.5,MEDIUM
3.13,11.99,3.79,0.46,0.333,1,state_highway,1464.3,27.3,4.3,MEDIUM
0.0,10.64,3.32,1.94,0.447,2,national_highway,1318.9,22.5,21.6,MEDIUM
22.25,2.81,3.16,0.84,0.396,1,state_highway,999.1,20.8,16.2,HIGH
0.0,12.24,4.04,0.67,0.471,1,state_highway,1599.6,22.8,4.5,MEDIUM
0.0,1.6,4.52,4.9,0.223,1,national_highway,697.5,26.4,12.1,LOW
9.02,3.68,4.47,2.88,0.232,1,national_highway,368.6,25.2,21.6,LOW
2.24,5.02,2.65,7.42,0.593,0,state_highway,587.7,21.5,11.1,LOW
0.0,10.08,4.63,11.8,0.419,3,national_highway,1457.2,15.1,27.9,MEDIUM
22.2,10.43,3.35,1.08,0.755,5,state_highway,1546.6,14.6,18.4,HIGH
0.0,25.54,1.98,10.32,0.464,2,rural_hill_road,952.5,20.7,15.5,MEDIUM
5.13,8.98,3.7,1.3,0.864,2,national_highway,1284.1,19.9,19.8,MEDIUM
27.71,11.17,3.33,1.76,0.189,1,national_highway,1225.0,20.7,7.7,HIGH
0.0,3.0,3.44,9.47,0.62,1,national_highway,258.8,25.5,15.5,LOW
5.29,12.64,2.94,1.27,0.328,3,state_highway,1497.7,16.2,16.3,MEDIUM
0.0,10.33,3.6,10.24,0.247,2,state_highway,884.5,29.4,18.3,LOW
0.0,9.64,2.17,0.55,0.539,2,rural_hill_road,1916.8,18.1,12.3,HIGH
0.0,6.53,3.53,8.51,0.087,3,national_highway,79.5,27.0,8.3,LOW
1.18,15.89,4.51,12.0,0.437,3,state_highway,881.9,17.7,9.7,MEDIUM
0.0,4.34,3.26,6.99,0.349,1,state_highway,1250.9,21.9,13.6,LOW
1.74,7.52,2.75,7.33,0.153,0,state_highway,1529.7,19.6,7.7,LOW
0.0,23.53,1.99,12.0,0.181,1,rural_hill_road,1162.2,23.1,7.3,MEDIUM
1.21,8.92,5.0,4.96,0.609,2,national_highway,1316.1,21.9,11.1,LOW
5.32,10.19,3.43,3.14,0.279,2,state_highway,1509.2,25.1,21.5,MEDIUM
12.46,5.44,3.49,1.4,0.453,0,national_highway,99.6,25.2,12.3,MEDIUM
5.56,8.75,4.21,3.72,0.373,2,national_highway,826.8,26.2,3.1,LOW
6.32,14.03,4.05,3.86,0.383,2,state_highway,378.7,23.7,7.8,LOW
0.0,6.49,4.64,6.19,0.443,0,state_highway,819.0,22.7,13.0,LOW
0.0,6.46,3.84,8.43,0.606,1,national_highway,343.5,19.5,26.9,LOW
0.14,1.94,4.77,9.37,0.178,2,national_highway,1389.5,26.4,12.2,LOW
0.14,9.32,4.3,7.5,0.488,1,national_highway,163.9,30.9,20.5,LOW
2.54,4.23,3.86,10.31,0.132,1,national_highway,972.4,21.6,8.9,LOW
2.25,5.37,3.24,11.12,0.345,0,national_highway,1441.1,15.4,27.0,MEDIUM
5.57,15.1,3.12,1.78,0.653,2,state_highway,1384.2,20.6,15.0,MEDIUM
6.41,6.35,4.33,1.56,0.485,3,national_highway,449.5,25.0,7.1,MEDIUM
0.0,11.28,4.21,8.16,0.315,1,national_highway,1161.0,22.1,6.5,LOW
1.48,7.9,3.32,10.36,0.345,0,state_highway,596.9,21.7,13.3,LOW
0.8,8.12,2.57,8.47,0.368,2,state_highway,567.7,24.6,10.1,MEDIUM
0.0,4.32,3.29,10.5,0.301,1,national_highway,981.4,21.4,1.5,LOW
9.06,22.56,2.42,3.41,0.255,4,rural_hill_road,1034.7,23.6,11.1,HIGH
23.76,11.07,3.29,1.6,0.327,2,state_highway,1749.0,23.0,10.0,HIGH
7.4,13.59,3.77,3.38,0.147,2,state_highway,1111.4,25.3,3.7,MEDIUM
3.08,20.84,3.88,0.56,0.35,0,rural_hill_road,2428.2,9.7,13.1,HIGH
0.0,14.1,2.47,5.81,0.532,1,rural_hill_road,1905.4,15.8,5.1,MEDIUM
0.0,9.8,2.57,10.65,0.502,1,rural_hill_road,860.6,21.8,6.1,LOW
0.0,15.89,2.78,0.71,0.033,2,rural_hill_road,1509.5,15.6,17.9,HIGH
0.0,0.66,4.79,8.86,0.244,2,national_highway,609.2,22.5,16.4,LOW
14.16,13.47,3.38,3.94,0.601,1,state_highway,385.4,31.1,16.2,HIGH
7.32,5.24,4.07,4.11,0.336,0,national_highway,813.6,25.3,15.8,LOW
0.0,9.1,2.31,12.0,0.108,0,state_highway,984.8,26.4,18.3,LOW
1.56,1.76,4.6,10.71,0.844,0,national_highway,1485.7,18.0,10.8,LOW
0.0,9.55,3.65,11.1,0.584,1,national_highway,542.0,27.0,33.9,LOW
1.21,16.02,3.52,10.43,0.202,0,state_highway,235.2,25.1,2.8,LOW
0.0,7.98,3.35,7.24,0.4,1,national_highway,1345.1,16.3,14.6,LOW
0.0,6.13,2.25,10.48,0.272,0,rural_hill_road,1929.2,15.3,4.9,MEDIUM
2.99,7.56,4.64,8.19,0.072,0,national_highway,859.7,21.1,8.8,LOW
0.0,17.19,3.05,6.02,0.826,1,state_highway,448.0,22.3,20.1,MEDIUM
0.0,1.19,2.59,12.0,0.439,1,national_highway,880.3,14.3,1.0,LOW
0.0,6.78,3.14,11.72,0.397,1,state_highway,1073.3,27.7,10.0,LOW
0.0,16.24,3.08,8.83,0.666,1,state_highway,1234.4,19.1,22.2,MEDIUM
1.02,10.41,3.83,7.94,0.324,4,national_highway,673.1,27.0,8.7,LOW
0.0,7.49,3.76,8.86,0.111,0,state_highway,715.3,21.1,2.6,LOW
6.77,2.01,2.59,3.22,0.34,1,state_highway,1745.3,19.8,2.4,LOW
0.0,5.68,3.87,6.94,0.262,0,national_highway,1064.6,16.7,11.3,LOW
6.71,13.69,2.29,4.35,0.352,2,state_highway,770.2,20.3,3.7,MEDIUM
31.87,1.38,3.94,0.81,0.565,2,national_highway,1254.4,17.8,19.8,HIGH
0.31,25.19,2.37,1.45,0.281,3,rural_hill_road,1434.2,18.6,9.3,HIGH
0.0,9.92,3.7,10.07,0.183,3,rural_hill_road,1514.7,17.6,12.4,MEDIUM
0.0,5.6,4.37,12.0,0.133,0,national_highway,523.9,25.9,4.9,LOW
7.52,1.0,4.15,1.38,0.341,1,national_highway,607.6,22.9,19.9,LOW
1.18,9.04,3.5,7.79,0.119,1,national_highway,71.1,29.8,29.9,LOW
0.0,8.66,3.88,7.86,0.419,2,state_highway,1709.4,13.6,29.2,MEDIUM
0.0,5.71,3.09,11.55,0.4,0,national_highway,129.8,33.7,18.2,LOW
0.0,2.02,3.65,8.41,0.272,1,national_highway,854.3,25.8,15.0,LOW
4.61,10.78,4.64,10.65,0.151,3,national_highway,288.8,22.3,46.5,MEDIUM
4.47,5.4,5.0,8.82,0.288,2,national_highway,76.1,23.1,29.9,LOW
8.04,11.14,3.39,1.84,0.729,5,state_highway,1333.0,14.4,27.4,HIGH
0.0,7.84,3.84,12.0,0.735,0,national_highway,360.5,29.7,8.3,LOW
0.0,12.12,1.96,6.64,0.453,1,state_highway,500.0,28.1,21.6,MEDIUM
0.0,7.31,2.47,10.41,0.248,1,state_highway,569.1,27.0,3.9,LOW
5.19,11.75,4.79,1.29,0.201,4,national_highway,466.3,27.3,15.4,MEDIUM
5.87,1.82,4.52,4.43,0.235,1,national_highway,461.6,27.5,5.6,LOW
3.5,7.15,4.73,7.12,0.338,0,national_highway,471.2,23.5,23.9,LOW
0.0,8.14,4.51,9.01,0.311,0,national_highway,301.3,30.3,9.8,LOW
14.31,3.1,2.3,3.47,0.295,2,state_highway,286.7,31.4,38.1,MEDIUM
0.0,2.0,4.8,9.51,0.51,0,state_highway,1560.7,13.6,23.4,LOW
0.0,5.86,4.05,8.0,0.431,0,state_highway,1404.5,14.9,2.3,LOW
0.85,3.93,4.27,7.99,0.419,1,national_highway,903.3,17.4,18.1,LOW
0.0,19.2,2.71,5.53,0.218,2,rural_hill_road,1641.3,17.1,8.9,MEDIUM
0.0,6.18,4.06,10.36,0.257,1,national_highway,1265.2,17.4,1.0,LOW
0.0,8.69,2.37,8.65,0.702,1,state_highway,1461.2,16.3,14.0,MEDIUM
13.93,8.78,4.81,4.51,0.237,2,national_highway,418.2,19.2,16.0,MEDIUM
0.0,7.32,4.78,9.74,0.635,1,national_highway,518.8,26.8,6.9,LOW
0.0,11.61,2.03,11.73,0.134,4,state_highway,813.3,21.6,16.5,MEDIUM
0.0,5.59,3.2,8.89,0.333,0,state_highway,1578.0,16.3,24.2,LOW
0.0,14.35,2.38,1.26,0.523,4,state_highway,1652.5,21.4,14.6,HIGH
0.0,3.06,4.07,6.51,0.597,2,national_highway,198.0,32.4,28.9,LOW
3.94,3.04,3.45,11.56,0.608,2,state_highway,1306.8,29.3,12.5,LOW
0.31,16.45,3.41,9.48,0.326,4,state_highway,1795.0,15.3,5.2,MEDIUM
0.0,10.19,3.86,11.71,0.102,0,national_highway,601.4,25.8,10.9,LOW
0.0,4.11,3.65,10.09,0.333,1,national_highway,809.6,19.3,27.1,LOW
2.08,17.73,2.2,10.25,0.633,2,rural_hill_road,1287.7,19.3,1.5,MEDIUM
0.0,3.86,4.16,10.76,0.301,1,state_highway,1683.0,15.5,5.6,LOW
19.16,10.48,3.46,2.38,0.238,2,state_highway,1197.0,27.1,17.0,HIGH
0.0,8.73,3.44,6.33,0.283,1,national_highway,1088.5,20.5,12.6,LOW
8.84,21.11,2.79,4.15,0.478,4,rural_hill_road,1664.9,19.3,4.1,HIGH
3.15,22.07,1.07,10.85,0.534,3,rural_hill_road,2149.0,15.2,17.3,HIGH
0.0,10.34,2.62,7.31,0.672,2,state_highway,1451.8,22.7,15.7,MEDIUM
7.0,24.85,2.46,4.44,0.183,1,rural_hill_road,1909.4,20.9,6.9,HIGH
0.0,3.22,5.0,9.35,0.366,2,national_highway,69.2,31.2,8.8,LOW
0.52,5.11,5.0,7.15,0.43,1,national_highway,678.6,22.9,7.2,LOW
0.0,15.62,3.3,5.72,0.47,3,state_highway,931.4,21.4,14.2,LOW
7.08,20.34,1.44,2.22,0.317,0,rural_hill_road,737.9,23.4,7.1,HIGH
0.0,4.62,4.48,9.7,0.284,1,national_highway,1179.6,28.4,20.4,LOW
0.0,1.59,4.48,8.75,0.165,2,national_highway,578.2,21.9,10.3,LOW
12.48,9.45,2.24,4.68,0.209,2,state_highway,1799.1,11.3,10.6,MEDIUM
0.0,8.06,4.07,7.78,0.598,0,national_highway,1144.7,22.0,17.9,LOW
31.86,8.4,3.62,1.54,0.463,0,national_highway,609.0,25.5,29.4,MEDIUM
6.27,3.78,3.68,2.22,0.762,0,state_highway,869.5,27.1,8.2,MEDIUM
0.0,5.92,4.36,10.18,0.376,2,national_highway,180.6,27.7,7.1,LOW
0.0,4.16,4.39,6.64,0.244,0,national_highway,574.4,25.6,21.7,LOW
21.8,4.06,4.86,1.03,0.244,0,national_highway,1034.1,22.9,10.6,MEDIUM
0.0,11.5,4.3,9.81,0.233,0,national_highway,1018.3,27.6,19.2,LOW
4.52,17.19,4.59,8.95,0.767,2,state_highway,1417.5,14.3,18.2,MEDIUM
1.41,25.99,3.19,2.33,0.41,2,rural_hill_road,2289.7,11.5,4.1,HIGH
0.0,3.17,5.0,9.82,0.3,0,national_highway,918.5,25.9,15.9,LOW
0.0,16.76,3.74,12.0,0.483,2,state_highway,1222.5,12.4,10.7,LOW
0.0,17.39,4.27,6.19,0.191,3,state_highway,1733.3,18.4,16.0,MEDIUM
15.98,5.93,3.48,1.7,0.532,0,national_highway,770.5,22.3,7.7,MEDIUM
3.99,5.58,4.82,9.62,0.628,0,national_highway,1031.3,15.3,16.9,LOW
0.0,8.69,4.24,6.75,0.123,1,national_highway,999.7,24.6,47.8,LOW
0.0,3.13,1.5,12.0,0.56,0,state_highway,1596.6,24.1,16.2,LOW
0.0,15.39,4.73,10.65,0.784,2,state_highway,827.2,24.6,11.8,MEDIUM
8.56,8.4,3.22,2.35,0.4,0,state_highway,766.4,23.0,3.8,MEDIUM
0.0,6.81,2.21,6.18,0.747,2,rural_hill_road,2565.9,17.9,2.9,MEDIUM
3.04,2.46,3.57,9.86,0.46,0,state_highway,334.4,31.9,26.3,LOW
0.0,10.04,3.24,7.51,0.169,2,state_highway,434.9,28.9,10.0,LOW
3.28,9.94,3.77,5.5,0.375,1,national_highway,727.6,20.7,22.2,LOW
0.0,9.61,3.43,8.84,0.494,2,rural_hill_road,961.1,19.4,23.6,MEDIUM
0.0,4.24,1.5,1.89,0.081,0,state_highway,1391.8,23.4,1.7,LOW
18.09,16.29,4.08,0.9,0.066,6,state_highway,916.7,21.6,26.5,HIGH
15.69,8.58,1.73,1.03,0.666,2,rural_hill_road,966.9,23.7,10.7,HIGH
6.86,5.43,2.86,4.9,0.428,1,rural_hill_road,1305.6,24.7,6.2,MEDIUM
15.58,10.5,3.97,1.29,0.219,1,state_highway,257.7,25.3,5.2,HIGH
0.0,19.59,1.73,12.0,0.02,2,rural_hill_road,1811.9,24.9,16.1,HIGH
0.0,4.51,5.0,5.96,0.573,0,national_highway,617.3,24.5,29.1,LOW
0.0,22.15,2.1,7.17,0.404,1,rural_hill_road,1645.3,16.5,41.4,HIGH
0.03,4.02,4.19,9.1,0.254,3,national_highway,129.7,28.2,21.2,LOW
11.98,8.37,2.81,3.81,0.695,0,state_highway,1641.6,20.8,9.7,MEDIUM
6.41,16.69,3.33,4.66,0.518,0,state_highway,747.0,19.5,22.5,MEDIUM
0.0,2.61,2.59,9.48,0.613,0,state_highway,1146.8,21.6,17.9,LOW
0.0,7.02,2.98,6.44,0.468,0,national_highway,955.9,25.3,7.5,LOW
22.12,12.1,3.08,0.92,0.569,1,state_highway,837.4,27.8,10.2,HIGH
0.0,2.57,4.16,9.45,0.298,1,state_highway,973.5,30.0,5.1,LOW
5.34,3.92,3.34,2.17,0.363,2,national_highway,1033.7,20.9,7.7,MEDIUM
0.0,9.03,3.97,0.73,0.379,1,national_highway,1350.1,20.8,8.4,LOW
0.0,14.48,3.56,5.15,0.182,2,state_highway,447.3,27.0,12.5,LOW
0.0,0.59,3.81,1.05,0.678,0,national_highway,1387.1,17.7,29.2,LOW
2.0,11.86,2.59,6.61,0.209,2,rural_hill_road,2389.2,7.3,10.3,HIGH
9.17,19.52,2.92,4.04,0.748,2,rural_hill_road,989.3,23.0,16.9,HIGH
2.29,5.38,3.86,10.94,0.355,1,national_highway,134.2,31.6,17.2,LOW
0.0,5.51,3.81,9.12,0.556,0,national_highway,239.4,31.5,10.1,LOW
13.99,3.2,3.52,4.33,0.61,0,national_highway,1333.9,22.7,9.4,LOW
0.0,10.18,3.03,7.8,0.464,2,state_highway,971.7,17.8,10.8,LOW
12.99,4.68,4.08,3.99,0.191,0,national_highway,570.2,29.5,5.3,LOW
10.09,9.63,4.31,4.76,0.356,1,national_highway,860.3,15.8,4.0,MEDIUM
9.5,14.49,3.19,4.63,0.204,6,state_highway,303.4,21.7,10.9,HIGH
0.0,5.0,3.57,6.55,0.139,0,state_highway,1065.7,24.7,5.4,LOW
0.0,21.01,2.04,7.13,0.49,2,rural_hill_road,2215.7,18.4,15.3,HIGH
4.98,15.87,3.46,1.31,0.282,1,rural_hill_road,1209.6,21.4,15.1,HIGH
2.31,6.74,4.49,8.53,0.27,0,national_highway,631.4,17.5,3.9,LOW
0.0,17.09,2.66,9.04,0.513,1,state_highway,427.3,29.0,8.3,MEDIUM
2.04,19.82,3.5,2.78,0.511,3,rural_hill_road,1358.1,17.1,22.1,HIGH
0.0,4.34,3.74,7.58,0.319,1,national_highway,972.1,20.2,10.4,LOW
8.95,11.7,3.12,3.36,0.475,2,rural_hill_road,1249.4,21.4,10.9,HIGH
0.0,5.85,3.98,7.43,0.146,1,national_highway,181.9,26.4,7.2,LOW
0.0,1.95,4.09,9.13,0.381,1,national_highway,1468.0,16.5,20.0,LOW
8.95,9.97,2.01,2.11,0.297,2,rural_hill_road,1482.5,21.7,21.5,HIGH
0.0,4.19,3.42,5.76,0.304,0,national_highway,184.6,22.4,25.6,LOW
4.97,2.28,4.32,6.21,0.299,0,national_highway,1081.3,18.9,16.7,LOW
12.58,16.87,3.22,1.6,0.38,4,state_highway,1624.6,22.3,9.7,HIGH
0.0,4.44,3.59,6.4,0.346,0,national_highway,528.2,22.1,10.4,LOW
15.53,25.93,1.03,0.37,0.087,5,rural_hill_road,1205.1,19.7,8.7,HIGH
4.53,6.25,5.0,0.61,0.45,1,national_highway,1206.4,20.3,2.4,MEDIUM
13.64,10.51,4.77,4.13,0.241,4,national_highway,699.3,19.1,9.4,MEDIUM
0.0,4.67,3.9,10.03,0.22,0,national_highway,526.3,28.7,12.6,LOW
0.0,5.19,4.72,7.77,0.241,0,national_highway,770.8,27.1,27.0,LOW
0.48,5.82,1.5,1.78,0.706,0,state_highway,1574.5,17.9,14.4,MEDIUM
2.44,6.6,5.0,9.82,0.228,1,national_highway,1085.5,19.3,15.0,LOW
0.0,13.42,3.98,5.25,0.432,1,state_highway,476.4,24.8,1.9,LOW
0.0,7.03,3.73,7.82,0.034,1,national_highway,491.5,25.9,9.5,LOW
0.0,6.34,3.18,2.81,0.817,2,rural_hill_road,1420.8,23.8,24.7,MEDIUM
0.0,22.16,3.31,7.76,0.337,1,rural_hill_road,1514.0,23.0,24.9,MEDIUM
0.0,8.61,4.36,7.31,0.197,1,state_highway,847.2,20.8,8.4,LOW
0.0,9.53,2.1,2.16,0.343,1,rural_hill_road,2272.2,11.9,32.1,MEDIUM
0.0,9.73,3.41,2.66,0.072,1,state_highway,1659.1,14.6,15.8,LOW
0.0,17.11,2.35,0.87,0.274,3,rural_hill_road,2098.3,19.0,24.3,HIGH
0.0,2.08,2.84,5.49,0.573,0,state_highway,1613.1,19.9,17.8,LOW
6.9,16.49,4.1,2.52,0.446,3,state_highway,567.3,28.8,7.3,HIGH
0.0,10.72,3.39,4.36,0.374,1,state_highway,416.5,26.8,15.5,LOW
0.0,7.02,4.0,11.34,0.183,1,national_highway,971.0,23.4,7.8,LOW
0.69,11.67,3.16,6.4,0.171,0,rural_hill_road,705.0,23.4,12.7,MEDIUM
0.0,10.34,3.32,7.58,0.088,4,state_highway,661.5,25.7,14.5,LOW
7.86,10.08,3.83,1.91,0.457,3,state_highway,1140.3,21.3,17.4,MEDIUM
3.61,10.8,3.48,10.39,0.383,6,national_highway,1089.9,22.8,3.4,MEDIUM
9.78,6.31,5.0,2.9,0.237,1,national_highway,1270.1,20.6,9.5,MEDIUM
0.0,3.11,3.2,8.23,0.792,0,national_highway,355.4,24.8,17.1,LOW
0.0,15.79,2.77,9.84,0.386,1,state_highway,734.3,25.3,19.8,LOW
1.18,3.08,2.67,0.85,0.417,1,state_highway,1649.2,17.1,15.2,MEDIUM
0.0,8.58,4.8,10.74,0.05,1,state_highway,277.0,26.0,13.7,LOW
0.0,5.23,2.19,10.12,0.644,2,state_highway,809.2,29.5,2.9,MEDIUM
7.72,2.36,3.78,3.26,0.806,0,state_highway,1789.6,18.3,9.0,LOW
0.0,4.54,2.84,7.8,0.617,0,national_highway,325.0,25.8,8.8,LOW
9.63,6.48,3.81,1.97,0.707,0,national_highway,794.1,19.4,41.5,MEDIUM
0.0,14.09,4.1,7.47,0.591,0,state_highway,417.0,29.1,32.1,MEDIUM
0.15,14.44,2.98,6.45,0.537,1,state_highway,1141.1,25.9,7.1,LOW
0.0,2.75,2.69,8.34,0.558,1,state_highway,398.7,30.1,16.8,LOW
20.08,3.76,4.3,1.01,0.246,0,state_highway,1767.9,18.3,13.7,HIGH
0.0,9.57,4.04,10.22,0.174,1,national_highway,902.1,21.0,10.6,LOW
0.0,9.73,4.05,7.23,0.098,0,national_highway,359.0,33.8,34.9,LOW
2.55,7.41,5.0,7.75,0.17,1,national_highway,332.5,24.3,7.3,LOW
6.24,12.98,2.5,2.61,0.545,4,state_highway,1494.7,24.6,34.7,HIGH
10.14,4.36,4.02,3.67,0.218,2,national_highway,720.3,30.0,13.5,LOW
0.0,12.77,1.5,9.1,0.807,4,state_highway,1637.3,22.6,9.1,MEDIUM
2.44,7.93,3.78,4.22,0.598,2,national_highway,1378.3,23.0,32.2,MEDIUM
0.0,3.0,3.65,7.35,0.42,0,national_highway,707.7,17.7,12.1,LOW
3.6,9.24,3.79,1.8,0.499,0,national_highway,1439.0,21.1,9.5,LOW
0.0,4.0,3.38,7.84,0.421,1,national_highway,628.2,25.8,9.1,LOW
4.73,17.2,1.9,7.84,0.117,0,state_highway,349.1,23.9,28.3,MEDIUM
2.0,6.45,3.26,10.28,0.446,0,state_highway,784.9,30.3,7.3,LOW
1.43,6.37,1.0,12.0,0.611,2,rural_hill_road,927.8,18.2,7.0,MEDIUM
0.0,1.87,4.31,7.77,0.332,0,national_highway,1392.8,25.1,4.5,LOW
0.0,10.96,3.84,9.42,0.496,2,state_highway,1702.1,18.1,7.5,MEDIUM
17.04,2.42,3.84,1.58,0.223,2,state_highway,1264.1,24.9,18.3,MEDIUM
0.0,2.42,4.28,8.99,0.314,0,national_highway,842.2,28.4,9.1,LOW
0.0,10.9,2.72,4.03,0.104,0,state_highway,819.5,27.7,22.7,LOW
7.18,3.99,2.43,3.68,0.155,1,state_highway,540.3,22.1,29.1,LOW
13.68,7.8,3.48,2.0,0.288,1,state_highway,710.1,31.6,18.3,MEDIUM
0.0,6.43,3.62,12.0,0.336,0,state_highway,1331.0,26.2,34.2,LOW
18.65,14.04,2.56,0.96,0.026,5,state_highway,1737.7,12.0,55.7,HIGH
0.0,10.78,4.38,0.8,0.338,4,national_highway,1362.5,25.6,10.8,MEDIUM
8.1,8.14,4.32,3.75,0.282,0,national_highway,803.0,23.9,16.0,MEDIUM
0.0,13.85,4.03,6.65,0.534,2,state_highway,1023.6,26.0,9.9,LOW
0.0,5.62,4.2,11.32,0.565,0,state_highway,533.7,20.1,28.2,LOW
0.0,14.12,2.27,9.52,0.388,4,rural_hill_road,1749.8,12.9,8.1,MEDIUM
0.0,9.43,4.63,12.0,0.796,1,state_highway,1131.7,28.3,7.4,LOW
0.0,9.96,2.21,7.29,0.452,1,state_highway,943.8,24.4,22.6,LOW
0.0,3.18,3.25,9.86,0.172,1,national_highway,944.0,26.3,6.0,LOW
0.0,8.1,3.28,8.86,0.387,1,national_highway,998.0,19.5,4.0,LOW
0.0,6.67,4.34,11.66,0.103,1,national_highway,573.3,30.3,11.1,LOW
0.0,9.65,4.11,7.77,0.511,1,national_highway,1151.9,16.0,12.8,LOW
0.0,3.14,2.57,9.34,0.243,0,state_highway,1112.7,19.0,5.1,LOW
0.0,5.24,2.48,10.99,0.475,0,state_highway,1337.3,13.9,9.2,LOW
0.0,11.48,4.56,6.66,0.219,3,state_highway,1125.5,23.3,3.1,LOW
5.88,15.32,3.18,4.11,0.811,0,state_highway,458.8,26.1,16.0,MEDIUM
0.0,1.36,3.97,4.85,0.072,0,national_highway,665.8,21.5,7.2,LOW
0.0,4.38,2.78,7.93,0.32,2,state_highway,1542.7,14.8,18.5,LOW
7.22,17.9,2.44,2.21,0.587,1,state_highway,909.9,26.5,5.3,MEDIUM
0.0,2.08,2.15,0.97,0.308,0,state_highway,1251.6,23.7,3.0,MEDIUM
0.0,13.8,2.89,5.98,0.327,2,state_highway,1352.6,22.5,18.0,MEDIUM
0.0,9.07,3.98,2.53,0.208,1,national_highway,1178.9,19.8,12.1,LOW
0.0,10.1,3.0,8.28,0.568,3,state_highway,656.1,23.5,13.9,MEDIUM
0.0,7.69,4.01,5.74,0.519,1,national_highway,1372.6,25.4,8.2,LOW
5.26,7.59,2.07,3.32,0.163,2,state_highway,401.3,31.7,10.0,MEDIUM
0.0,8.5,3.78,9.09,0.148,1,national_highway,1050.6,17.5,5.2,LOW
9.63,9.26,4.15,1.43,0.23,0,national_highway,486.2,29.8,19.9,MEDIUM
0.0,16.97,1.79,3.98,0.575,2,rural_hill_road,2322.9,10.2,16.8,MEDIUM
0.0,2.94,4.22,9.35,0.186,1,national_highway,850.2,22.4,10.1,LOW
0.0,24.39,3.27,0.89,0.322,1,rural_hill_road,2283.5,15.0,7.1,HIGH
0.0,6.39,3.08,9.39,0.297,0,state_highway,720.6,26.7,19.5,LOW
26.46,4.74,3.96,2.07,0.154,1,national_highway,716.3,28.6,11.1,MEDIUM
0.0,17.87,2.04,8.88,0.223,7,state_highway,1126.9,24.8,5.4,MEDIUM
5.4,8.99,3.01,3.53,0.233,1,national_highway,1328.4,25.4,11.6,MEDIUM
0.0,21.45,2.29,0.75,0.308,2,rural_hill_road,2133.2,19.1,10.1,HIGH
0.0,10.5,3.65,5.8,0.873,1,national_highway,978.9,33.4,16.9,MEDIUM
0.0,13.93,3.67,9.52,0.088,0,state_highway,517.2,30.3,45.0,MEDIUM
5.94,8.7,4.35,1.88,0.144,0,state_highway,1451.6,23.3,23.7,MEDIUM
0.0,3.19,3.69,9.71,0.484,1,national_highway,795.5,26.2,17.9,LOW
0.65,5.46,3.89,9.52,0.425,1,national_highway,1394.0,16.6,20.1,LOW
0.0,12.41,4.32,0.67,0.154,2,state_highway,1737.0,21.6,26.2,MEDIUM
8.25,4.76,2.9,1.91,0.174,0,national_highway,103.8,28.2,8.2,MEDIUM
5.06,13.07,2.06,1.58,0.578,4,state_highway,1091.3,21.7,22.8,HIGH
0.0,5.74,4.0,8.02,0.505,3,rural_hill_road,1607.0,13.2,45.6,HIGH
0.0,11.94,1.5,1.44,0.569,5,state_highway,1432.6,16.7,7.6,HIGH
5.73,9.65,4.18,2.28,0.221,0,national_highway,236.1,31.6,24.1,LOW
1.14,11.56,4.32,10.98,0.323,0,national_highway,1286.0,24.7,3.8,LOW
0.0,9.73,4.05,2.72,0.458,0,state_highway,1709.9,18.1,21.9,LOW
0.0,1.4,4.23,2.74,0.131,0,national_highway,1312.3,16.9,14.6,LOW
0.0,3.95,4.27,9.57,0.157,2,state_highway,948.5,20.5,17.1,LOW
0.0,7.48,4.74,6.8,0.474,0,national_highway,562.8,24.9,53.3,LOW
0.0,7.97,3.67,9.67,0.131,3,national_highway,1308.3,22.9,8.2,LOW
0.0,11.18,3.13,9.26,0.269,3,state_highway,876.6,19.0,4.0,MEDIUM
18.85,3.33,3.65,0.95,0.486,0,state_highway,1256.8,22.7,17.6,HIGH
0.1,2.58,5.0,9.13,0.107,0,national_highway,148.5,22.0,9.2,LOW
0.0,6.22,2.23,12.0,0.127,1,rural_hill_road,1521.6,21.9,4.8,MEDIUM
0.0,11.72,2.98,10.43,0.485,3,rural_hill_road,2087.5,9.2,10.5,MEDIUM
1.75,6.71,4.22,10.39,0.2,0,national_highway,615.0,22.0,19.7,LOW
3.03,9.38,3.9,10.6,0.704,0,national_highway,434.7,30.8,15.4,LOW
0.0,13.35,3.14,9.31,0.059,2,state_highway,1596.8,19.3,14.9,MEDIUM
5.75,10.04,2.51,2.98,0.671,1,rural_hill_road,1459.8,21.3,6.4,HIGH
0.0,6.2,2.67,7.81,0.702,0,state_highway,634.6,24.8,45.8,MEDIUM
0.0,1.71,3.05,7.75,0.514,1,national_highway,857.6,27.8,9.3,LOW
5.53,24.63,2.67,4.02,0.664,3,rural_hill_road,922.5,16.1,18.6,HIGH
0.0,13.31,4.09,9.05,0.513,4,state_highway,262.9,27.3,5.1,LOW
0.0,14.08,3.99,12.0,0.143,4,state_highway,550.6,24.4,12.5,MEDIUM
0.0,7.36,4.91,9.86,0.515,0,national_highway,546.7,26.9,4.5,LOW
